scheduler_name,config,config_id,instance_id,size,makespan,execution_time_s,solution_count,best_known_makespan,rpd
2PGA,"{'phase1_duration': 5, 'phase2_duration': 5, 'pop_f_ratio': 0.05}",1,1,20,123.47195132146018,6.102039813995361,224700,123.47195132146018,0.0
2PGA,"{'phase1_duration': 5, 'phase2_duration': 5, 'pop_f_ratio': 0.05}",1,2,20,118.62569898576666,5.488368511199951,208800,118.25531762341275,0.3132048264699605
2PGA,"{'phase1_duration': 5, 'phase2_duration': 5, 'pop_f_ratio': 0.05}",1,3,20,164.5695399637062,7.71790075302124,300000,163.70772042184916,0.5264379344091232
2PGA,"{'phase1_duration': 5, 'phase2_duration': 5, 'pop_f_ratio': 0.05}",1,4,50,315.4557752197559,18.715415954589844,300000,314.84166364672825,0.1950540998654801
2PGA,"{'phase1_duration': 5, 'phase2_duration': 5, 'pop_f_ratio': 0.05}",1,5,50,359.67888266353975,7.960346460342407,124800,356.93058797405575,0.7699801535876672
2PGA,"{'phase1_duration': 5, 'phase2_duration': 5, 'pop_f_ratio': 0.05}",1,6,50,383.36604310806683,19.650412797927856,300000,381.79422259212,0.4116931118745786
2PGA,"{'phase1_duration': 5, 'phase2_duration': 5, 'pop_f_ratio': 0.05}",1,7,100,759.8552410093629,37.37874436378479,300000,756.18335257147,0.48558176074708786
2PGA,"{'phase1_duration': 5, 'phase2_duration': 5, 'pop_f_ratio': 0.05}",1,8,100,709.3750527810145,37.12275004386902,300000,705.1875399265094,0.5938154912580317
2PGA,"{'phase1_duration': 5, 'phase2_duration': 5, 'pop_f_ratio': 0.05}",1,9,100,729.8949723436459,35.249484062194824,300000,727.890388165104,0.27539643483892434
2PGA,"{'phase1_duration': 5, 'phase2_duration': 5, 'pop_f_ratio': 0.1}",2,1,20,124.279477689418,3.0189948081970215,118400,123.47195132146018,0.6540160411455869
2PGA,"{'phase1_duration': 5, 'phase2_duration': 5, 'pop_f_ratio': 0.1}",2,2,20,120.51179971299393,4.05008339881897,163600,118.25531762341275,1.9081442889249272
2PGA,"{'phase1_duration': 5, 'phase2_duration': 5, 'pop_f_ratio': 0.1}",2,3,20,165.93079523143462,4.77620005607605,196600,163.70772042184916,1.3579535551878308
2PGA,"{'phase1_duration': 5, 'phase2_duration': 5, 'pop_f_ratio': 0.1}",2,4,50,318.24227637112983,18.110431671142578,300000,314.84166364672825,1.0801025140742744
2PGA,"{'phase1_duration': 5, 'phase2_duration': 5, 'pop_f_ratio': 0.1}",2,5,50,358.0615320788585,12.229592561721802,196500,356.93058797405575,0.3168526718939895
2PGA,"{'phase1_duration': 5, 'phase2_duration': 5, 'pop_f_ratio': 0.1}",2,6,50,381.927282645558,12.226465702056885,192800,381.79422259212,0.03485124854290815
2PGA,"{'phase1_duration': 5, 'phase2_duration': 5, 'pop_f_ratio': 0.1}",2,7,100,761.920827305148,37.67492985725403,300000,756.18335257147,0.7587412119252857
2PGA,"{'phase1_duration': 5, 'phase2_duration': 5, 'pop_f_ratio': 0.1}",2,8,100,710.821032574227,37.17405915260315,300000,705.1875399265094,0.7988644621124058
2PGA,"{'phase1_duration': 5, 'phase2_duration': 5, 'pop_f_ratio': 0.1}",2,9,100,730.2879204705607,35.502694606781006,300000,727.890388165104,0.32938095411597684
2PGA,"{'phase1_duration': 5, 'phase2_duration': 5, 'pop_f_ratio': 0.2}",3,1,20,123.61999518017373,3.7277464866638184,140900,123.47195132146018,0.11990080105571199
2PGA,"{'phase1_duration': 5, 'phase2_duration': 5, 'pop_f_ratio': 0.2}",3,2,20,119.31321661923049,6.316622257232666,249800,118.25531762341275,0.8945889428724426
2PGA,"{'phase1_duration': 5, 'phase2_duration': 5, 'pop_f_ratio': 0.2}",3,3,20,164.01428400622152,4.768340826034546,188600,163.70772042184916,0.1872627531446832
2PGA,"{'phase1_duration': 5, 'phase2_duration': 5, 'pop_f_ratio': 0.2}",3,4,50,315.3747670876638,18.80468487739563,300000,314.84166364672825,0.1693242993194673
2PGA,"{'phase1_duration': 5, 'phase2_duration': 5, 'pop_f_ratio': 0.2}",3,5,50,359.3943184100707,19.026859045028687,300000,356.93058797405575,0.6902547775462783
2PGA,"{'phase1_duration': 5, 'phase2_duration': 5, 'pop_f_ratio': 0.2}",3,6,50,383.3200380522417,19.006059885025024,291500,381.79422259212,0.39964341255939173
2PGA,"{'phase1_duration': 5, 'phase2_duration': 5, 'pop_f_ratio': 0.2}",3,7,100,759.0669795203374,38.19851875305176,300000,756.18335257147,0.38133964984304725
2PGA,"{'phase1_duration': 5, 'phase2_duration': 5, 'pop_f_ratio': 0.2}",3,8,100,708.5929048997114,36.71269083023071,300000,705.1875399265094,0.4829020339123993
2PGA,"{'phase1_duration': 5, 'phase2_duration': 5, 'pop_f_ratio': 0.2}",3,9,100,729.6608379068505,35.876951456069946,300000,727.890388165104,0.24323026798162337
2PGA,"{'phase1_duration': 5, 'phase2_duration': 15, 'pop_f_ratio': 0.05}",4,1,20,124.73020025693766,5.635340452194214,218700,123.47195132146018,1.0190564917870466
2PGA,"{'phase1_duration': 5, 'phase2_duration': 15, 'pop_f_ratio': 0.05}",4,2,20,119.6047059137342,4.175265073776245,162400,118.25531762341275,1.1410804329481454
2PGA,"{'phase1_duration': 5, 'phase2_duration': 15, 'pop_f_ratio': 0.05}",4,3,20,164.7051545097975,5.166947841644287,208800,163.70772042184916,0.6092773666251681
2PGA,"{'phase1_duration': 5, 'phase2_duration': 15, 'pop_f_ratio': 0.05}",4,4,50,315.7950127284288,18.527438640594482,300000,314.84166364672825,0.3028027074492446
2PGA,"{'phase1_duration': 5, 'phase2_duration': 15, 'pop_f_ratio': 0.05}",4,5,50,358.3043960562596,13.159111976623535,210600,356.93058797405575,0.3848950267898253
2PGA,"{'phase1_duration': 5, 'phase2_duration': 15, 'pop_f_ratio': 0.05}",4,6,50,387.7362322184849,16.982495546340942,266500,381.79422259212,1.5563382772066945
2PGA,"{'phase1_duration': 5, 'phase2_duration': 15, 'pop_f_ratio': 0.05}",4,7,100,759.9616576226779,37.096285581588745,300000,756.18335257147,0.49965461926124477
2PGA,"{'phase1_duration': 5, 'phase2_duration': 15, 'pop_f_ratio': 0.05}",4,8,100,708.6645659172802,36.5865204334259,300000,705.1875399265094,0.49306401402571126
2PGA,"{'phase1_duration': 5, 'phase2_duration': 15, 'pop_f_ratio': 0.05}",4,9,100,731.9135162150163,33.101810932159424,280500,727.890388165104,0.552710698660822
2PGA,"{'phase1_duration': 5, 'phase2_duration': 15, 'pop_f_ratio': 0.1}",5,1,20,123.61665399410465,7.825571775436401,300000,123.47195132146018,0.1171947726554802
2PGA,"{'phase1_duration': 5, 'phase2_duration': 15, 'pop_f_ratio': 0.1}",5,2,20,118.68364427921729,7.243952751159668,288600,118.25531762341275,0.3622049852917038
2PGA,"{'phase1_duration': 5, 'phase2_duration': 15, 'pop_f_ratio': 0.1}",5,3,20,166.09894005820553,7.34064507484436,300000,163.70772042184916,1.4606639382642246
2PGA,"{'phase1_duration': 5, 'phase2_duration': 15, 'pop_f_ratio': 0.1}",5,4,50,317.08158806564796,18.67227816581726,300000,314.84166364672825,0.7114447284311922
2PGA,"{'phase1_duration': 5, 'phase2_duration': 15, 'pop_f_ratio': 0.1}",5,5,50,358.40193751275893,13.210294723510742,208600,356.93058797405575,0.41222287701779375
2PGA,"{'phase1_duration': 5, 'phase2_duration': 15, 'pop_f_ratio': 0.1}",5,6,50,382.252441661868,19.318814516067505,300000,381.79422259212,0.1200172874898434
2PGA,"{'phase1_duration': 5, 'phase2_duration': 15, 'pop_f_ratio': 0.1}",5,7,100,759.3918014979662,37.31501841545105,300000,756.18335257147,0.42429510192013375
2PGA,"{'phase1_duration': 5, 'phase2_duration': 15, 'pop_f_ratio': 0.1}",5,8,100,710.3705501267004,36.61761832237244,300000,705.1875399265094,0.7349832359107125
2PGA,"{'phase1_duration': 5, 'phase2_duration': 15, 'pop_f_ratio': 0.1}",5,9,100,732.5774960920625,36.01711583137512,300000,727.890388165104,0.6439304602955263
2PGA,"{'phase1_duration': 5, 'phase2_duration': 15, 'pop_f_ratio': 0.2}",6,1,20,124.29736411755647,6.6317126750946045,254800,123.47195132146018,0.6685022689463447
2PGA,"{'phase1_duration': 5, 'phase2_duration': 15, 'pop_f_ratio': 0.2}",6,2,20,118.25531762341275,5.844740152359009,228700,118.25531762341275,0.0
2PGA,"{'phase1_duration': 5, 'phase2_duration': 15, 'pop_f_ratio': 0.2}",6,3,20,164.54770824517368,4.961519002914429,200800,163.70772042184916,0.5131021439673115
2PGA,"{'phase1_duration': 5, 'phase2_duration': 15, 'pop_f_ratio': 0.2}",6,4,50,315.6322865793364,18.684463500976562,300000,314.84166364672825,0.251117632733404
2PGA,"{'phase1_duration': 5, 'phase2_duration': 15, 'pop_f_ratio': 0.2}",6,5,50,358.4171593488719,18.945230960845947,300000,356.93058797405575,0.41648752583911514
2PGA,"{'phase1_duration': 5, 'phase2_duration': 15, 'pop_f_ratio': 0.2}",6,6,50,382.6846800339862,19.100022554397583,300000,381.79422259212,0.23322967954323942
2PGA,"{'phase1_duration': 5, 'phase2_duration': 15, 'pop_f_ratio': 0.2}",6,7,100,757.4951595225264,37.60127663612366,300000,756.18335257147,0.17347736453010562
2PGA,"{'phase1_duration': 5, 'phase2_duration': 15, 'pop_f_ratio': 0.2}",6,8,100,707.1814243721244,37.26756715774536,300000,705.1875399265094,0.2827452745155951
2PGA,"{'phase1_duration': 5, 'phase2_duration': 15, 'pop_f_ratio': 0.2}",6,9,100,730.4388875569954,35.88452935218811,300000,727.890388165104,0.3501213140505579
2PGA,"{'phase1_duration': 5, 'phase2_duration': 25, 'pop_f_ratio': 0.05}",7,1,20,124.17256458253442,7.7919089794158936,300000,123.47195132146018,0.5674270581908812
2PGA,"{'phase1_duration': 5, 'phase2_duration': 25, 'pop_f_ratio': 0.05}",7,2,20,119.4318850846479,6.230049133300781,241800,118.25531762341275,0.994938312188178
2PGA,"{'phase1_duration': 5, 'phase2_duration': 25, 'pop_f_ratio': 0.05}",7,3,20,166.8578204780405,4.074643850326538,163600,163.70772042184916,1.9242220513938098
2PGA,"{'phase1_duration': 5, 'phase2_duration': 25, 'pop_f_ratio': 0.05}",7,4,50,318.324450355427,17.114266395568848,274400,314.84166364672825,1.1062026125635867
2PGA,"{'phase1_duration': 5, 'phase2_duration': 25, 'pop_f_ratio': 0.05}",7,5,50,361.3119986072276,18.7231605052948,300000,356.93058797405575,1.2275245610192254
2PGA,"{'phase1_duration': 5, 'phase2_duration': 25, 'pop_f_ratio': 0.05}",7,6,50,384.3137923891416,19.433749437332153,300000,381.79422259212,0.6599287385533199
2PGA,"{'phase1_duration': 5, 'phase2_duration': 25, 'pop_f_ratio': 0.05}",7,7,100,760.1548193464603,37.2747700214386,300000,756.18335257147,0.5251989165702945
2PGA,"{'phase1_duration': 5, 'phase2_duration': 25, 'pop_f_ratio': 0.05}",7,8,100,711.1296277658168,36.67651605606079,300000,705.1875399265094,0.8426251887443543
2PGA,"{'phase1_duration': 5, 'phase2_duration': 25, 'pop_f_ratio': 0.05}",7,9,100,735.3103386083844,36.124030351638794,300000,727.890388165104,1.0193774452750957
2PGA,"{'phase1_duration': 5, 'phase2_duration': 25, 'pop_f_ratio': 0.1}",8,1,20,125.47965600798757,4.157263517379761,160600,123.47195132146018,1.6260411089643472
2PGA,"{'phase1_duration': 5, 'phase2_duration': 25, 'pop_f_ratio': 0.1}",8,2,20,118.50364239687819,4.41454005241394,167300,118.25531762341275,0.20999036530115137
2PGA,"{'phase1_duration': 5, 'phase2_duration': 25, 'pop_f_ratio': 0.1}",8,3,20,165.59982321982332,6.159020185470581,250700,163.70772042184916,1.1557810426402055
2PGA,"{'phase1_duration': 5, 'phase2_duration': 25, 'pop_f_ratio': 0.1}",8,4,50,317.10670636749484,18.794235706329346,300000,314.84166364672825,0.7194228027292171
2PGA,"{'phase1_duration': 5, 'phase2_duration': 25, 'pop_f_ratio': 0.1}",8,5,50,358.3773901115482,18.52282691001892,300000,356.93058797405575,0.40534551709466227
2PGA,"{'phase1_duration': 5, 'phase2_duration': 25, 'pop_f_ratio': 0.1}",8,6,50,383.2549601071332,13.292322874069214,210100,381.79422259212,0.38259811924229514
2PGA,"{'phase1_duration': 5, 'phase2_duration': 25, 'pop_f_ratio': 0.1}",8,7,100,760.4729993978898,37.88078832626343,300000,756.18335257147,0.567276020006587
2PGA,"{'phase1_duration': 5, 'phase2_duration': 25, 'pop_f_ratio': 0.1}",8,8,100,710.6772907306779,37.035749197006226,300000,705.1875399265094,0.7784809704295933
2PGA,"{'phase1_duration': 5, 'phase2_duration': 25, 'pop_f_ratio': 0.1}",8,9,100,732.3443715536446,35.70521378517151,300000,727.890388165104,0.6119030366328024
2PGA,"{'phase1_duration': 5, 'phase2_duration': 25, 'pop_f_ratio': 0.2}",9,1,20,124.28338609758399,5.64104151725769,214400,123.47195132146018,0.6571814630281715
2PGA,"{'phase1_duration': 5, 'phase2_duration': 25, 'pop_f_ratio': 0.2}",9,2,20,119.38330768396219,4.468796253204346,172700,118.25531762341275,0.9538599051769925
2PGA,"{'phase1_duration': 5, 'phase2_duration': 25, 'pop_f_ratio': 0.2}",9,3,20,164.90169399495085,7.656147241592407,300000,163.70772042184916,0.7293324774329542
2PGA,"{'phase1_duration': 5, 'phase2_duration': 25, 'pop_f_ratio': 0.2}",9,4,50,316.0733968545537,19.343741416931152,300000,314.84166364672825,0.39122306544776464
2PGA,"{'phase1_duration': 5, 'phase2_duration': 25, 'pop_f_ratio': 0.2}",9,5,50,357.39728584696616,19.029667139053345,300000,356.93058797405575,0.13075311801081183
2PGA,"{'phase1_duration': 5, 'phase2_duration': 25, 'pop_f_ratio': 0.2}",9,6,50,385.8506123664025,19.154731035232544,300000,381.79422259212,1.0624544674202878
2PGA,"{'phase1_duration': 5, 'phase2_duration': 25, 'pop_f_ratio': 0.2}",9,7,100,762.069410225019,38.00353217124939,300000,756.18335257147,0.7783902718213779
2PGA,"{'phase1_duration': 5, 'phase2_duration': 25, 'pop_f_ratio': 0.2}",9,8,100,709.0867456887792,37.05174279212952,300000,705.1875399265094,0.5529317438983795
2PGA,"{'phase1_duration': 5, 'phase2_duration': 25, 'pop_f_ratio': 0.2}",9,9,100,733.8847497833126,35.90466022491455,300000,727.890388165104,0.8235253158541382
2PGA,"{'phase1_duration': 15, 'phase2_duration': 5, 'pop_f_ratio': 0.05}",10,1,20,124.34645544342081,6.767287015914917,260500,123.47195132146018,0.7082613602532677
2PGA,"{'phase1_duration': 15, 'phase2_duration': 5, 'pop_f_ratio': 0.05}",10,2,20,118.9627144709003,4.309781789779663,171600,118.25531762341275,0.5981945350992744
2PGA,"{'phase1_duration': 15, 'phase2_duration': 5, 'pop_f_ratio': 0.05}",10,3,20,164.93970886359048,7.476930856704712,300000,163.70772042184916,0.7525536600025221
2PGA,"{'phase1_duration': 15, 'phase2_duration': 5, 'pop_f_ratio': 0.05}",10,4,50,315.6456685709674,18.247392892837524,300000,314.84166364672825,0.25536802052390023
2PGA,"{'phase1_duration': 15, 'phase2_duration': 5, 'pop_f_ratio': 0.05}",10,5,50,359.162511166718,13.446647882461548,217200,356.93058797405575,0.6253101493292216
2PGA,"{'phase1_duration': 15, 'phase2_duration': 5, 'pop_f_ratio': 0.05}",10,6,50,384.25569501919193,10.088258981704712,161900,381.79422259212,0.6447118058414425
2PGA,"{'phase1_duration': 15, 'phase2_duration': 5, 'pop_f_ratio': 0.05}",10,7,100,757.1792199414506,37.57617998123169,300000,756.18335257147,0.13169654774785297
2PGA,"{'phase1_duration': 15, 'phase2_duration': 5, 'pop_f_ratio': 0.05}",10,8,100,706.1427360743182,36.8732430934906,300000,705.1875399265094,0.13545278294456975
2PGA,"{'phase1_duration': 15, 'phase2_duration': 5, 'pop_f_ratio': 0.05}",10,9,100,728.983472829402,35.45216393470764,300000,727.890388165104,0.1501716030422477
2PGA,"{'phase1_duration': 15, 'phase2_duration': 5, 'pop_f_ratio': 0.1}",11,1,20,124.20029194493961,7.87531304359436,298800,123.47195132146018,0.5898834639643664
2PGA,"{'phase1_duration': 15, 'phase2_duration': 5, 'pop_f_ratio': 0.1}",11,2,20,118.99922436952052,5.3083271980285645,210100,118.25531762341275,0.629068325262767
2PGA,"{'phase1_duration': 15, 'phase2_duration': 5, 'pop_f_ratio': 0.1}",11,3,20,164.59014904562892,5.274962902069092,211300,163.70772042184916,0.5390268837082814
2PGA,"{'phase1_duration': 15, 'phase2_duration': 5, 'pop_f_ratio': 0.1}",11,4,50,315.7511615429868,18.906989097595215,300000,314.84166364672825,0.28887469521157194
2PGA,"{'phase1_duration': 15, 'phase2_duration': 5, 'pop_f_ratio': 0.1}",11,5,50,357.9865620480308,18.975034952163696,300000,356.93058797405575,0.29584857940272874
2PGA,"{'phase1_duration': 15, 'phase2_duration': 5, 'pop_f_ratio': 0.1}",11,6,50,382.1352598202762,19.619277954101562,300000,381.79422259212,0.08932487920870105
2PGA,"{'phase1_duration': 15, 'phase2_duration': 5, 'pop_f_ratio': 0.1}",11,7,100,757.4574921699367,37.439663887023926,300000,756.18335257147,0.1684961185847177
2PGA,"{'phase1_duration': 15, 'phase2_duration': 5, 'pop_f_ratio': 0.1}",11,8,100,708.7887512295035,36.63872671127319,300000,705.1875399265094,0.5106742673543834
2PGA,"{'phase1_duration': 15, 'phase2_duration': 5, 'pop_f_ratio': 0.1}",11,9,100,728.621206146027,35.98411798477173,300000,727.890388165104,0.10040220242024116
2PGA,"{'phase1_duration': 15, 'phase2_duration': 5, 'pop_f_ratio': 0.2}",12,1,20,123.69562160189042,6.12982439994812,233600,123.47195132146018,0.18115068081163938
2PGA,"{'phase1_duration': 15, 'phase2_duration': 5, 'pop_f_ratio': 0.2}",12,2,20,118.60851641304427,6.386839389801025,252900,118.25531762341275,0.2986747629872266
2PGA,"{'phase1_duration': 15, 'phase2_duration': 5, 'pop_f_ratio': 0.2}",12,3,20,163.95370159483102,5.661102056503296,227000,163.70772042184916,0.1502563057795942
2PGA,"{'phase1_duration': 15, 'phase2_duration': 5, 'pop_f_ratio': 0.2}",12,4,50,315.9545389992626,18.67075204849243,300000,314.84166364672825,0.3534714369261643
2PGA,"{'phase1_duration': 15, 'phase2_duration': 5, 'pop_f_ratio': 0.2}",12,5,50,357.7022363511574,18.45210909843445,300000,356.93058797405575,0.21619003893209188
2PGA,"{'phase1_duration': 15, 'phase2_duration': 5, 'pop_f_ratio': 0.2}",12,6,50,381.79422259212,18.9907169342041,300000,381.79422259212,0.0
2PGA,"{'phase1_duration': 15, 'phase2_duration': 5, 'pop_f_ratio': 0.2}",12,7,100,758.3650740327845,37.18873739242554,300000,756.18335257147,0.2885175207699784
2PGA,"{'phase1_duration': 15, 'phase2_duration': 5, 'pop_f_ratio': 0.2}",12,8,100,706.4900995483592,37.166881799697876,300000,705.1875399265094,0.18471109429777427
2PGA,"{'phase1_duration': 15, 'phase2_duration': 5, 'pop_f_ratio': 0.2}",12,9,100,731.28571216614,36.163914918899536,300000,727.890388165104,0.46646089249716016
2PGA,"{'phase1_duration': 15, 'phase2_duration': 15, 'pop_f_ratio': 0.05}",13,1,20,124.27818076840008,4.625269651412964,174600,123.47195132146018,0.6529656641133583
2PGA,"{'phase1_duration': 15, 'phase2_duration': 15, 'pop_f_ratio': 0.05}",13,2,20,119.02067742355761,6.0509655475616455,238900,118.25531762341275,0.6472096270394987
2PGA,"{'phase1_duration': 15, 'phase2_duration': 15, 'pop_f_ratio': 0.05}",13,3,20,165.31494187368696,3.0562260150909424,122700,163.70772042184916,0.9817627706843903
2PGA,"{'phase1_duration': 15, 'phase2_duration': 15, 'pop_f_ratio': 0.05}",13,4,50,314.84166364672825,18.887150526046753,300000,314.84166364672825,0.0
2PGA,"{'phase1_duration': 15, 'phase2_duration': 15, 'pop_f_ratio': 0.05}",13,5,50,358.8974085812206,18.92603826522827,300000,356.93058797405575,0.5510372810379022
2PGA,"{'phase1_duration': 15, 'phase2_duration': 15, 'pop_f_ratio': 0.05}",13,6,50,383.5449609742456,19.177417755126953,300000,381.79422259212,0.45855549364768383
2PGA,"{'phase1_duration': 15, 'phase2_duration': 15, 'pop_f_ratio': 0.05}",13,7,100,758.4052162502686,37.00244450569153,300000,756.18335257147,0.293826050420573
2PGA,"{'phase1_duration': 15, 'phase2_duration': 15, 'pop_f_ratio': 0.05}",13,8,100,707.8331239329614,36.289971351623535,300000,705.1875399265094,0.37516034482510113
2PGA,"{'phase1_duration': 15, 'phase2_duration': 15, 'pop_f_ratio': 0.05}",13,9,100,730.9985221474645,34.853434562683105,300000,727.890388165104,0.4270057735197795
2PGA,"{'phase1_duration': 15, 'phase2_duration': 15, 'pop_f_ratio': 0.1}",14,1,20,124.12043434724546,3.6618528366088867,142900,123.47195132146018,0.5252067525011825
2PGA,"{'phase1_duration': 15, 'phase2_duration': 15, 'pop_f_ratio': 0.1}",14,2,20,119.07363178962606,6.819134473800659,275500,118.25531762341275,0.6919893182471979
2PGA,"{'phase1_duration': 15, 'phase2_duration': 15, 'pop_f_ratio': 0.1}",14,3,20,165.32321494171862,4.069817304611206,166800,163.70772042184916,0.98681633077938
2PGA,"{'phase1_duration': 15, 'phase2_duration': 15, 'pop_f_ratio': 0.1}",14,4,50,316.83134695538774,12.541535377502441,205400,314.84166364672825,0.6319631543085864
2PGA,"{'phase1_duration': 15, 'phase2_duration': 15, 'pop_f_ratio': 0.1}",14,5,50,358.5407261859098,15.695664405822754,253900,356.93058797405575,0.45110681631216776
2PGA,"{'phase1_duration': 15, 'phase2_duration': 15, 'pop_f_ratio': 0.1}",14,6,50,383.0519346788127,13.211407899856567,214500,381.79422259212,0.3294214559229631
2PGA,"{'phase1_duration': 15, 'phase2_duration': 15, 'pop_f_ratio': 0.1}",14,7,100,759.0229127219518,36.60061717033386,300000,756.18335257147,0.3755121216072312
2PGA,"{'phase1_duration': 15, 'phase2_duration': 15, 'pop_f_ratio': 0.1}",14,8,100,708.9616439239247,35.85087966918945,300000,705.1875399265094,0.5351915318595407
2PGA,"{'phase1_duration': 15, 'phase2_duration': 15, 'pop_f_ratio': 0.1}",14,9,100,730.4955286829432,35.02560544013977,300000,727.890388165104,0.3579028601279345
2PGA,"{'phase1_duration': 15, 'phase2_duration': 15, 'pop_f_ratio': 0.2}",15,1,20,123.56374788728056,7.687719345092773,300000,123.47195132146018,0.07434608819081592
2PGA,"{'phase1_duration': 15, 'phase2_duration': 15, 'pop_f_ratio': 0.2}",15,2,20,118.37815386518469,5.506742238998413,214700,118.25531762341275,0.10387375742637692
2PGA,"{'phase1_duration': 15, 'phase2_duration': 15, 'pop_f_ratio': 0.2}",15,3,20,164.24273775133122,6.135855197906494,251100,163.70772042184916,0.32681252179396514
2PGA,"{'phase1_duration': 15, 'phase2_duration': 15, 'pop_f_ratio': 0.2}",15,4,50,315.69307608685864,17.753180503845215,278800,314.84166364672825,0.27042559433484825
2PGA,"{'phase1_duration': 15, 'phase2_duration': 15, 'pop_f_ratio': 0.2}",15,5,50,357.31696287551017,18.768972635269165,296600,356.93058797405575,0.10824931078266158
2PGA,"{'phase1_duration': 15, 'phase2_duration': 15, 'pop_f_ratio': 0.2}",15,6,50,382.2216808798134,18.97754669189453,300000,381.79422259212,0.11196038661645122
2PGA,"{'phase1_duration': 15, 'phase2_duration': 15, 'pop_f_ratio': 0.2}",15,7,100,756.18335257147,37.555322885513306,300000,756.18335257147,0.0
2PGA,"{'phase1_duration': 15, 'phase2_duration': 15, 'pop_f_ratio': 0.2}",15,8,100,706.7507361170358,25.402116060256958,211900,705.1875399265094,0.22167098849892644
2PGA,"{'phase1_duration': 15, 'phase2_duration': 15, 'pop_f_ratio': 0.2}",15,9,100,729.0571471856998,35.88586616516113,300000,727.890388165104,0.1602932308993692
2PGA,"{'phase1_duration': 15, 'phase2_duration': 25, 'pop_f_ratio': 0.05}",16,1,20,125.40372143874806,7.139882326126099,282500,123.47195132146018,1.5645416603634166
2PGA,"{'phase1_duration': 15, 'phase2_duration': 25, 'pop_f_ratio': 0.05}",16,2,20,118.77283176322798,7.276407480239868,300000,118.25531762341275,0.43762441318983314
2PGA,"{'phase1_duration': 15, 'phase2_duration': 25, 'pop_f_ratio': 0.05}",16,3,20,166.30438232921313,2.4797074794769287,105100,163.70772042184916,1.586157268986933
2PGA,"{'phase1_duration': 15, 'phase2_duration': 25, 'pop_f_ratio': 0.05}",16,4,50,315.76012540524806,18.079691648483276,300000,314.84166364672825,0.2917217968808543
2PGA,"{'phase1_duration': 15, 'phase2_duration': 25, 'pop_f_ratio': 0.05}",16,5,50,358.54990446005155,18.509710550308228,300000,356.93058797405575,0.45367826141969636
2PGA,"{'phase1_duration': 15, 'phase2_duration': 25, 'pop_f_ratio': 0.05}",16,6,50,382.2669570917216,18.724649906158447,300000,381.79422259212,0.12381918626010127
2PGA,"{'phase1_duration': 15, 'phase2_duration': 25, 'pop_f_ratio': 0.05}",16,7,100,757.8382681845711,36.332624435424805,300000,756.18335257147,0.2188511037003722
2PGA,"{'phase1_duration': 15, 'phase2_duration': 25, 'pop_f_ratio': 0.05}",16,8,100,707.4437671822878,36.18252873420715,300000,705.1875399265094,0.31994712442218476
2PGA,"{'phase1_duration': 15, 'phase2_duration': 25, 'pop_f_ratio': 0.05}",16,9,100,731.072587587873,35.279531478881836,300000,727.890388165104,0.4371811298114336
2PGA,"{'phase1_duration': 15, 'phase2_duration': 25, 'pop_f_ratio': 0.1}",17,1,20,123.79921613214698,7.358689546585083,284700,123.47195132146018,0.26505194676543387
2PGA,"{'phase1_duration': 15, 'phase2_duration': 25, 'pop_f_ratio': 0.1}",17,2,20,120.08514881888544,7.339195013046265,300000,118.25531762341275,1.5473563745351728
2PGA,"{'phase1_duration': 15, 'phase2_duration': 25, 'pop_f_ratio': 0.1}",17,3,20,165.41094986571167,4.1351869106292725,177200,163.70772042184916,1.0404087476592772
2PGA,"{'phase1_duration': 15, 'phase2_duration': 25, 'pop_f_ratio': 0.1}",17,4,50,317.11607990068126,10.69714069366455,181800,314.84166364672825,0.7224000240657608
2PGA,"{'phase1_duration': 15, 'phase2_duration': 25, 'pop_f_ratio': 0.1}",17,5,50,357.9207459192703,18.252176523208618,300000,356.93058797405575,0.2774091037797299
2PGA,"{'phase1_duration': 15, 'phase2_duration': 25, 'pop_f_ratio': 0.1}",17,6,50,382.05728749557164,18.634418725967407,300000,381.79422259212,0.06890227454612435
2PGA,"{'phase1_duration': 15, 'phase2_duration': 25, 'pop_f_ratio': 0.1}",17,7,100,756.626373349594,36.03107023239136,300000,756.18335257147,0.05858642307021236
2PGA,"{'phase1_duration': 15, 'phase2_duration': 25, 'pop_f_ratio': 0.1}",17,8,100,707.5912246879985,35.57857894897461,300000,705.1875399265094,0.3408575202193166
2PGA,"{'phase1_duration': 15, 'phase2_duration': 25, 'pop_f_ratio': 0.1}",17,9,100,732.9689917430494,34.75057792663574,300000,727.890388165104,0.6977154336036417
2PGA,"{'phase1_duration': 15, 'phase2_duration': 25, 'pop_f_ratio': 0.2}",18,1,20,124.01188469444587,3.790902853012085,149600,123.47195132146018,0.4372923301260264
2PGA,"{'phase1_duration': 15, 'phase2_duration': 25, 'pop_f_ratio': 0.2}",18,2,20,118.37253671373571,6.527719974517822,261500,118.25531762341275,0.09912373724812049
2PGA,"{'phase1_duration': 15, 'phase2_duration': 25, 'pop_f_ratio': 0.2}",18,3,20,164.89608789399426,7.103699445724487,293200,163.70772042184916,0.7259080201488763
2PGA,"{'phase1_duration': 15, 'phase2_duration': 25, 'pop_f_ratio': 0.2}",18,4,50,315.9743767120613,18.058125257492065,300000,314.84166364672825,0.3597722906851483
2PGA,"{'phase1_duration': 15, 'phase2_duration': 25, 'pop_f_ratio': 0.2}",18,5,50,357.78692092396705,18.39605474472046,300000,356.93058797405575,0.23991582082439383
2PGA,"{'phase1_duration': 15, 'phase2_duration': 25, 'pop_f_ratio': 0.2}",18,6,50,382.1330394269559,18.761404514312744,300000,381.79422259212,0.08874331113121763
2PGA,"{'phase1_duration': 15, 'phase2_duration': 25, 'pop_f_ratio': 0.2}",18,7,100,757.1857627630122,36.47599458694458,300000,756.18335257147,0.13256179048817548
2PGA,"{'phase1_duration': 15, 'phase2_duration': 25, 'pop_f_ratio': 0.2}",18,8,100,707.5234435521343,36.49825716018677,300000,705.1875399265094,0.33124573157776893
2PGA,"{'phase1_duration': 15, 'phase2_duration': 25, 'pop_f_ratio': 0.2}",18,9,100,730.4731418405713,35.9762647151947,300000,727.890388165104,0.3548272813408092
2PGA,"{'phase1_duration': 25, 'phase2_duration': 5, 'pop_f_ratio': 0.05}",19,1,20,124.08218701425535,4.745659828186035,179400,123.47195132146018,0.49423021687445307
2PGA,"{'phase1_duration': 25, 'phase2_duration': 5, 'pop_f_ratio': 0.05}",19,2,20,118.77287588766059,4.910447359085083,191800,118.25531762341275,0.43766172604264375
2PGA,"{'phase1_duration': 25, 'phase2_duration': 5, 'pop_f_ratio': 0.05}",19,3,20,165.4408321896098,3.468477964401245,140900,163.70772042184916,1.058662208046566
2PGA,"{'phase1_duration': 25, 'phase2_duration': 5, 'pop_f_ratio': 0.05}",19,4,50,316.63789740403024,18.521275758743286,300000,314.84166364672825,0.570519713463805
2PGA,"{'phase1_duration': 25, 'phase2_duration': 5, 'pop_f_ratio': 0.05}",19,5,50,357.7522289258837,19.696709871292114,300000,356.93058797405575,0.2301962845189534
2PGA,"{'phase1_duration': 25, 'phase2_duration': 5, 'pop_f_ratio': 0.05}",19,6,50,383.02703818340785,18.428293228149414,277900,381.79422259212,0.3229005360316625
2PGA,"{'phase1_duration': 25, 'phase2_duration': 5, 'pop_f_ratio': 0.05}",19,7,100,757.3093907059714,38.11593413352966,300000,756.18335257147,0.14891072789055979
2PGA,"{'phase1_duration': 25, 'phase2_duration': 5, 'pop_f_ratio': 0.05}",19,8,100,705.1875399265094,37.683793783187866,300000,705.1875399265094,0.0
2PGA,"{'phase1_duration': 25, 'phase2_duration': 5, 'pop_f_ratio': 0.05}",19,9,100,730.830833006264,30.92011785507202,251800,727.890388165104,0.4039680821411031
2PGA,"{'phase1_duration': 25, 'phase2_duration': 5, 'pop_f_ratio': 0.1}",20,1,20,123.88841708558904,5.1216278076171875,191000,123.47195132146018,0.3372958470904754
2PGA,"{'phase1_duration': 25, 'phase2_duration': 5, 'pop_f_ratio': 0.1}",20,2,20,119.36236800425961,2.73819899559021,108800,118.25531762341275,0.9361527270784465
2PGA,"{'phase1_duration': 25, 'phase2_duration': 5, 'pop_f_ratio': 0.1}",20,3,20,165.02866387931167,4.871110677719116,199600,163.70772042184916,0.8068913634974824
2PGA,"{'phase1_duration': 25, 'phase2_duration': 5, 'pop_f_ratio': 0.1}",20,4,50,315.7579897923491,18.752442359924316,300000,314.84166364672825,0.29104348357434867
2PGA,"{'phase1_duration': 25, 'phase2_duration': 5, 'pop_f_ratio': 0.1}",20,5,50,358.0034965076062,10.419565916061401,165400,356.93058797405575,0.3005930479761608
2PGA,"{'phase1_duration': 25, 'phase2_duration': 5, 'pop_f_ratio': 0.1}",20,6,50,384.29676921269623,15.233771085739136,233800,381.79422259212,0.655470007792597
2PGA,"{'phase1_duration': 25, 'phase2_duration': 5, 'pop_f_ratio': 0.1}",20,7,100,757.3396539156781,37.33975911140442,300000,756.18335257147,0.1529128273289855
2PGA,"{'phase1_duration': 25, 'phase2_duration': 5, 'pop_f_ratio': 0.1}",20,8,100,708.2703079022207,37.76046633720398,300000,705.1875399265094,0.4371557637040095
2PGA,"{'phase1_duration': 25, 'phase2_duration': 5, 'pop_f_ratio': 0.1}",20,9,100,730.2943983336777,36.16576647758484,300000,727.890388165104,0.33027090447420315
2PGA,"{'phase1_duration': 25, 'phase2_duration': 5, 'pop_f_ratio': 0.2}",21,1,20,123.5754900085533,5.666642427444458,208600,123.47195132146018,0.08385603854559386
2PGA,"{'phase1_duration': 25, 'phase2_duration': 5, 'pop_f_ratio': 0.2}",21,2,20,118.28574569372324,7.716042995452881,300000,118.25531762341275,0.02573082625120608
2PGA,"{'phase1_duration': 25, 'phase2_duration': 5, 'pop_f_ratio': 0.2}",21,3,20,164.36368366084707,7.558972120285034,300000,163.70772042184916,0.40069169450750297
2PGA,"{'phase1_duration': 25, 'phase2_duration': 5, 'pop_f_ratio': 0.2}",21,4,50,316.05728440335093,18.56067681312561,300000,314.84166364672825,0.38610542916794055
2PGA,"{'phase1_duration': 25, 'phase2_duration': 5, 'pop_f_ratio': 0.2}",21,5,50,357.14118210792833,14.551398038864136,225400,356.93058797405575,0.05900142519807888
2PGA,"{'phase1_duration': 25, 'phase2_duration': 5, 'pop_f_ratio': 0.2}",21,6,50,383.02716366219994,20.110607624053955,291600,381.79422259212,0.32293340158715306
2PGA,"{'phase1_duration': 25, 'phase2_duration': 5, 'pop_f_ratio': 0.2}",21,7,100,756.48258958472,39.09379529953003,300000,756.18335257147,0.039572018113391796
2PGA,"{'phase1_duration': 25, 'phase2_duration': 5, 'pop_f_ratio': 0.2}",21,8,100,706.0717231427814,38.29941773414612,300000,705.1875399265094,0.12538270548059885
2PGA,"{'phase1_duration': 25, 'phase2_duration': 5, 'pop_f_ratio': 0.2}",21,9,100,727.890388165104,37.00622320175171,300000,727.890388165104,0.0
2PGA,"{'phase1_duration': 25, 'phase2_duration': 15, 'pop_f_ratio': 0.05}",22,1,20,123.94773632726988,3.2924530506134033,119900,123.47195132146018,0.3853385329361061
2PGA,"{'phase1_duration': 25, 'phase2_duration': 15, 'pop_f_ratio': 0.05}",22,2,20,118.56510255139449,3.5886452198028564,133400,118.25531762341275,0.26196278882633983
2PGA,"{'phase1_duration': 25, 'phase2_duration': 15, 'pop_f_ratio': 0.05}",22,3,20,164.3051704081207,2.74493408203125,110300,163.70772042184916,0.3649491818296612
2PGA,"{'phase1_duration': 25, 'phase2_duration': 15, 'pop_f_ratio': 0.05}",22,4,50,316.3082448416265,18.388577699661255,300000,314.84166364672825,0.4658154762337453
2PGA,"{'phase1_duration': 25, 'phase2_duration': 15, 'pop_f_ratio': 0.05}",22,5,50,359.9948371952953,13.852410793304443,222600,356.93058797405575,0.8585000345956008
2PGA,"{'phase1_duration': 25, 'phase2_duration': 15, 'pop_f_ratio': 0.05}",22,6,50,383.9244261747776,12.569915294647217,197600,381.79422259212,0.5579454734005623
2PGA,"{'phase1_duration': 25, 'phase2_duration': 15, 'pop_f_ratio': 0.05}",22,7,100,757.6459450275192,37.20435333251953,300000,756.18335257147,0.19341770102126513
2PGA,"{'phase1_duration': 25, 'phase2_duration': 15, 'pop_f_ratio': 0.05}",22,8,100,706.2475201386923,37.489922761917114,300000,705.1875399265094,0.15031181808647684
2PGA,"{'phase1_duration': 25, 'phase2_duration': 15, 'pop_f_ratio': 0.05}",22,9,100,729.5020481032138,35.667455434799194,300000,727.890388165104,0.221415197166233
2PGA,"{'phase1_duration': 25, 'phase2_duration': 15, 'pop_f_ratio': 0.1}",23,1,20,124.14243052303857,6.388967990875244,242400,123.47195132146018,0.5430214671450282
2PGA,"{'phase1_duration': 25, 'phase2_duration': 15, 'pop_f_ratio': 0.1}",23,2,20,118.76243230570235,7.184023857116699,278200,118.25531762341275,0.42883034140123605
2PGA,"{'phase1_duration': 25, 'phase2_duration': 15, 'pop_f_ratio': 0.1}",23,3,20,164.84538307771444,3.913806915283203,154600,163.70772042184916,0.6949352498059993
2PGA,"{'phase1_duration': 25, 'phase2_duration': 15, 'pop_f_ratio': 0.1}",23,4,50,315.65754563622636,16.87496781349182,270500,314.84166364672825,0.25914041364410373
2PGA,"{'phase1_duration': 25, 'phase2_duration': 15, 'pop_f_ratio': 0.1}",23,5,50,357.0221059836573,18.3205349445343,290600,356.93058797405575,0.025640282084256533
2PGA,"{'phase1_duration': 25, 'phase2_duration': 15, 'pop_f_ratio': 0.1}",23,6,50,384.23081316826324,15.270080089569092,225300,381.79422259212,0.6381947216488734
2PGA,"{'phase1_duration': 25, 'phase2_duration': 15, 'pop_f_ratio': 0.1}",23,7,100,757.6600282177458,38.60295367240906,300000,756.18335257147,0.19528010518272118
2PGA,"{'phase1_duration': 25, 'phase2_duration': 15, 'pop_f_ratio': 0.1}",23,8,100,705.4317758860243,38.59483528137207,300000,705.1875399265094,0.03463418533179417
2PGA,"{'phase1_duration': 25, 'phase2_duration': 15, 'pop_f_ratio': 0.1}",23,9,100,730.9432717191929,35.72069215774536,300000,727.890388165104,0.4194152861098691
2PGA,"{'phase1_duration': 25, 'phase2_duration': 15, 'pop_f_ratio': 0.2}",24,1,20,123.86991141161764,8.147272109985352,300000,123.47195132146018,0.3223080917554806
2PGA,"{'phase1_duration': 25, 'phase2_duration': 15, 'pop_f_ratio': 0.2}",24,2,20,118.80965099060238,6.0535688400268555,226700,118.25531762341275,0.46875978038883404
2PGA,"{'phase1_duration': 25, 'phase2_duration': 15, 'pop_f_ratio': 0.2}",24,3,20,163.81003420930753,7.409603834152222,288400,163.70772042184916,0.062497838950248914
2PGA,"{'phase1_duration': 25, 'phase2_duration': 15, 'pop_f_ratio': 0.2}",24,4,50,315.9476031291516,18.928874492645264,300000,314.84166364672825,0.3512684660643576
2PGA,"{'phase1_duration': 25, 'phase2_duration': 15, 'pop_f_ratio': 0.2}",24,5,50,356.93058797405575,19.13564896583557,300000,356.93058797405575,0.0
2PGA,"{'phase1_duration': 25, 'phase2_duration': 15, 'pop_f_ratio': 0.2}",24,6,50,382.55054214627086,19.265392065048218,300000,381.79422259212,0.19809612335566223
2PGA,"{'phase1_duration': 25, 'phase2_duration': 15, 'pop_f_ratio': 0.2}",24,7,100,757.0481101503697,37.769315242767334,300000,756.18335257147,0.11435818785999428
2PGA,"{'phase1_duration': 25, 'phase2_duration': 15, 'pop_f_ratio': 0.2}",24,8,100,707.7565199274437,37.856226444244385,300000,705.1875399265094,0.3642974181310709
2PGA,"{'phase1_duration': 25, 'phase2_duration': 15, 'pop_f_ratio': 0.2}",24,9,100,729.2276490849729,36.200334548950195,300000,727.890388165104,0.18371734832766373
2PGA,"{'phase1_duration': 25, 'phase2_duration': 25, 'pop_f_ratio': 0.05}",25,1,20,123.63690757313803,3.427975654602051,124200,123.47195132146018,0.13359815724332835
2PGA,"{'phase1_duration': 25, 'phase2_duration': 25, 'pop_f_ratio': 0.05}",25,2,20,118.90746216523021,3.694427013397217,140000,118.25531762341275,0.5514716419723598
2PGA,"{'phase1_duration': 25, 'phase2_duration': 25, 'pop_f_ratio': 0.05}",25,3,20,164.4044025275595,5.659737586975098,227000,163.70772042184916,0.4255646000781826
2PGA,"{'phase1_duration': 25, 'phase2_duration': 25, 'pop_f_ratio': 0.05}",25,4,50,317.5646831937102,8.312901020050049,135600,314.84166364672825,0.864885388878314
2PGA,"{'phase1_duration': 25, 'phase2_duration': 25, 'pop_f_ratio': 0.05}",25,5,50,358.23550811470017,19.010490894317627,300000,356.93058797405575,0.36559493207101196
2PGA,"{'phase1_duration': 25, 'phase2_duration': 25, 'pop_f_ratio': 0.05}",25,6,50,382.5412561993517,18.485007524490356,276100,381.79422259212,0.19566393701819224
2PGA,"{'phase1_duration': 25, 'phase2_duration': 25, 'pop_f_ratio': 0.05}",25,7,100,756.999083611596,38.089906454086304,300000,756.18335257147,0.1078747683815119
2PGA,"{'phase1_duration': 25, 'phase2_duration': 25, 'pop_f_ratio': 0.05}",25,8,100,706.0344869933091,36.37225651741028,300000,705.1875399265094,0.120102386790317
2PGA,"{'phase1_duration': 25, 'phase2_duration': 25, 'pop_f_ratio': 0.05}",25,9,100,732.5360958497915,34.53479218482971,300000,727.890388165104,0.6382427574567392
2PGA,"{'phase1_duration': 25, 'phase2_duration': 25, 'pop_f_ratio': 0.1}",26,1,20,124.75261746802093,7.7865822315216064,300000,123.47195132146018,1.0372122031395805
2PGA,"{'phase1_duration': 25, 'phase2_duration': 25, 'pop_f_ratio': 0.1}",26,2,20,118.58904439416439,7.57331919670105,300000,118.25531762341275,0.28220867987890474
2PGA,"{'phase1_duration': 25, 'phase2_duration': 25, 'pop_f_ratio': 0.1}",26,3,20,164.61694487798914,4.786125898361206,191000,163.70772042184916,0.5553949769730174
2PGA,"{'phase1_duration': 25, 'phase2_duration': 25, 'pop_f_ratio': 0.1}",26,4,50,316.43278902848266,17.772456407546997,300000,314.84166364672825,0.5053731972207307
2PGA,"{'phase1_duration': 25, 'phase2_duration': 25, 'pop_f_ratio': 0.1}",26,5,50,357.53454610225594,18.333138942718506,300000,356.93058797405575,0.16920884579499543
2PGA,"{'phase1_duration': 25, 'phase2_duration': 25, 'pop_f_ratio': 0.1}",26,6,50,384.095353499042,15.95788311958313,251300,381.79422259212,0.6027149628663658
2PGA,"{'phase1_duration': 25, 'phase2_duration': 25, 'pop_f_ratio': 0.1}",26,7,100,756.7757889042014,36.383780002593994,300000,756.18335257147,0.07834559313118279
2PGA,"{'phase1_duration': 25, 'phase2_duration': 25, 'pop_f_ratio': 0.1}",26,8,100,707.1458579015392,36.76510214805603,300000,705.1875399265094,0.27770172672561266
2PGA,"{'phase1_duration': 25, 'phase2_duration': 25, 'pop_f_ratio': 0.1}",26,9,100,730.5194154515419,34.86284923553467,300000,727.890388165104,0.3611845037637161
2PGA,"{'phase1_duration': 25, 'phase2_duration': 25, 'pop_f_ratio': 0.2}",27,1,20,124.50143157642094,3.266911268234253,125500,123.47195132146018,0.8337766139942988
2PGA,"{'phase1_duration': 25, 'phase2_duration': 25, 'pop_f_ratio': 0.2}",27,2,20,119.23056143576989,3.5801777839660645,142600,118.25531762341275,0.8246934107968196
2PGA,"{'phase1_duration': 25, 'phase2_duration': 25, 'pop_f_ratio': 0.2}",27,3,20,163.70772042184916,6.2825305461883545,256700,163.70772042184916,0.0
2PGA,"{'phase1_duration': 25, 'phase2_duration': 25, 'pop_f_ratio': 0.2}",27,4,50,315.6282587520136,18.495567083358765,300000,314.84166364672825,0.24983831433693782
2PGA,"{'phase1_duration': 25, 'phase2_duration': 25, 'pop_f_ratio': 0.2}",27,5,50,357.88387630400405,14.039983987808228,231100,356.93058797405575,0.2670794720506232
2PGA,"{'phase1_duration': 25, 'phase2_duration': 25, 'pop_f_ratio': 0.2}",27,6,50,382.84840713528985,18.994492769241333,300000,381.79422259212,0.27611327798851437
2PGA,"{'phase1_duration': 25, 'phase2_duration': 25, 'pop_f_ratio': 0.2}",27,7,100,757.1442874258622,36.1803035736084,300000,756.18335257147,0.12707696501443586
2PGA,"{'phase1_duration': 25, 'phase2_duration': 25, 'pop_f_ratio': 0.2}",27,8,100,705.4402335047533,35.72723436355591,300000,705.1875399265094,0.035833528520688426
2PGA,"{'phase1_duration': 25, 'phase2_duration': 25, 'pop_f_ratio': 0.2}",27,9,100,730.6358622601307,34.58253502845764,300000,727.890388165104,0.3771823532314506
