scheduler_name,config,config_id,instance_id,size,makespan,execution_time_s,best_known_makespan,rpd
2PGA,"{'phase1_duration': 5, 'phase2_duration': 5, 'pop_f_ratio': 0.05}",1,1,20,125.88789655364162,0.45448946952819824,125.88789655364162,0.0
2PGA,"{'phase1_duration': 5, 'phase2_duration': 5, 'pop_f_ratio': 0.05}",1,2,20,122.41655498527773,0.657543420791626,119.87520229994017,2.1199986624246354
2PGA,"{'phase1_duration': 5, 'phase2_duration': 5, 'pop_f_ratio': 0.05}",1,3,20,165.10581869143485,1.5855345726013184,164.19739149143297,0.5532531252478995
2PGA,"{'phase1_duration': 5, 'phase2_duration': 5, 'pop_f_ratio': 0.05}",1,4,50,328.1004430040695,0.9338862895965576,326.0167177219706,0.639146758073895
2PGA,"{'phase1_duration': 5, 'phase2_duration': 5, 'pop_f_ratio': 0.05}",1,5,50,366.408275606738,0.9710631370544434,366.408275606738,0.0
2PGA,"{'phase1_duration': 5, 'phase2_duration': 5, 'pop_f_ratio': 0.05}",1,6,50,391.8280566342792,0.9731137752532959,391.6436471607254,0.04708603724093161
2PGA,"{'phase1_duration': 5, 'phase2_duration': 5, 'pop_f_ratio': 0.05}",1,7,100,772.5070909931579,1.935417652130127,772.316688642347,0.024653403663416267
2PGA,"{'phase1_duration': 5, 'phase2_duration': 5, 'pop_f_ratio': 0.05}",1,8,100,720.8074961216653,3.324936628341675,720.8074961216653,0.0
2PGA,"{'phase1_duration': 5, 'phase2_duration': 5, 'pop_f_ratio': 0.05}",1,9,100,745.7776021484732,2.4109113216400146,745.7718161905123,0.0007758348914945377
2PGA,"{'phase1_duration': 5, 'phase2_duration': 5, 'pop_f_ratio': 0.1}",2,1,20,127.92660606480538,0.4740118980407715,125.88789655364162,1.6194642749432646
2PGA,"{'phase1_duration': 5, 'phase2_duration': 5, 'pop_f_ratio': 0.1}",2,2,20,120.8116323097389,1.1253840923309326,119.87520229994017,0.7811707441007539
2PGA,"{'phase1_duration': 5, 'phase2_duration': 5, 'pop_f_ratio': 0.1}",2,3,20,167.95309464103838,0.5582993030548096,164.19739149143297,2.287309874713426
2PGA,"{'phase1_duration': 5, 'phase2_duration': 5, 'pop_f_ratio': 0.1}",2,4,50,328.1004430040695,0.9400522708892822,326.0167177219706,0.639146758073895
2PGA,"{'phase1_duration': 5, 'phase2_duration': 5, 'pop_f_ratio': 0.1}",2,5,50,366.408275606738,0.9586853981018066,366.408275606738,0.0
2PGA,"{'phase1_duration': 5, 'phase2_duration': 5, 'pop_f_ratio': 0.1}",2,6,50,391.8280566342792,0.9734408855438232,391.6436471607254,0.04708603724093161
2PGA,"{'phase1_duration': 5, 'phase2_duration': 5, 'pop_f_ratio': 0.1}",2,7,100,772.5070909931579,1.8899950981140137,772.316688642347,0.024653403663416267
2PGA,"{'phase1_duration': 5, 'phase2_duration': 5, 'pop_f_ratio': 0.1}",2,8,100,720.8074961216653,1.8732237815856934,720.8074961216653,0.0
2PGA,"{'phase1_duration': 5, 'phase2_duration': 5, 'pop_f_ratio': 0.1}",2,9,100,745.7776021484732,1.8239219188690186,745.7718161905123,0.0007758348914945377
2PGA,"{'phase1_duration': 5, 'phase2_duration': 5, 'pop_f_ratio': 0.2}",3,1,20,130.09881297589686,0.3814973831176758,125.88789655364162,3.3449732162781354
2PGA,"{'phase1_duration': 5, 'phase2_duration': 5, 'pop_f_ratio': 0.2}",3,2,20,125.6112636257005,0.3734006881713867,119.87520229994017,4.78502744162893
2PGA,"{'phase1_duration': 5, 'phase2_duration': 5, 'pop_f_ratio': 0.2}",3,3,20,168.9350840917345,0.5283668041229248,164.19739149143297,2.885364107960703
2PGA,"{'phase1_duration': 5, 'phase2_duration': 5, 'pop_f_ratio': 0.2}",3,4,50,328.1004430040695,0.9284305572509766,326.0167177219706,0.639146758073895
2PGA,"{'phase1_duration': 5, 'phase2_duration': 5, 'pop_f_ratio': 0.2}",3,5,50,366.408275606738,0.9547417163848877,366.408275606738,0.0
2PGA,"{'phase1_duration': 5, 'phase2_duration': 5, 'pop_f_ratio': 0.2}",3,6,50,391.8280566342792,0.949927806854248,391.6436471607254,0.04708603724093161
2PGA,"{'phase1_duration': 5, 'phase2_duration': 5, 'pop_f_ratio': 0.2}",3,7,100,772.5070909931579,1.8928399085998535,772.316688642347,0.024653403663416267
2PGA,"{'phase1_duration': 5, 'phase2_duration': 5, 'pop_f_ratio': 0.2}",3,8,100,720.8074961216653,1.8425319194793701,720.8074961216653,0.0
2PGA,"{'phase1_duration': 5, 'phase2_duration': 5, 'pop_f_ratio': 0.2}",3,9,100,745.7776021484732,1.8164315223693848,745.7718161905123,0.0007758348914945377
2PGA,"{'phase1_duration': 5, 'phase2_duration': 15, 'pop_f_ratio': 0.05}",4,1,20,129.8175142319083,0.40455150604248047,125.88789655364162,3.121521437600819
2PGA,"{'phase1_duration': 5, 'phase2_duration': 15, 'pop_f_ratio': 0.05}",4,2,20,122.75411519951624,0.6781408786773682,119.87520229994017,2.401591692310747
2PGA,"{'phase1_duration': 5, 'phase2_duration': 15, 'pop_f_ratio': 0.05}",4,3,20,166.22927081444044,0.6634101867675781,164.19739149143297,1.2374613899475295
2PGA,"{'phase1_duration': 5, 'phase2_duration': 15, 'pop_f_ratio': 0.05}",4,4,50,327.3171490412748,0.9446003437042236,326.0167177219706,0.39888485731371903
2PGA,"{'phase1_duration': 5, 'phase2_duration': 15, 'pop_f_ratio': 0.05}",4,5,50,366.408275606738,0.9572451114654541,366.408275606738,0.0
2PGA,"{'phase1_duration': 5, 'phase2_duration': 15, 'pop_f_ratio': 0.05}",4,6,50,391.8280566342792,0.9570879936218262,391.6436471607254,0.04708603724093161
2PGA,"{'phase1_duration': 5, 'phase2_duration': 15, 'pop_f_ratio': 0.05}",4,7,100,772.5070909931579,1.894263744354248,772.316688642347,0.024653403663416267
2PGA,"{'phase1_duration': 5, 'phase2_duration': 15, 'pop_f_ratio': 0.05}",4,8,100,720.8074961216653,1.856813907623291,720.8074961216653,0.0
2PGA,"{'phase1_duration': 5, 'phase2_duration': 15, 'pop_f_ratio': 0.05}",4,9,100,745.7776021484732,1.8231513500213623,745.7718161905123,0.0007758348914945377
2PGA,"{'phase1_duration': 5, 'phase2_duration': 15, 'pop_f_ratio': 0.1}",5,1,20,126.55639798191599,0.4759352207183838,125.88789655364162,0.5310291509950802
2PGA,"{'phase1_duration': 5, 'phase2_duration': 15, 'pop_f_ratio': 0.1}",5,2,20,123.24272301576939,0.6839160919189453,119.87520229994017,2.809188765665921
2PGA,"{'phase1_duration': 5, 'phase2_duration': 15, 'pop_f_ratio': 0.1}",5,3,20,169.70335904159924,0.37639784812927246,164.19739149143297,3.3532612790950154
2PGA,"{'phase1_duration': 5, 'phase2_duration': 15, 'pop_f_ratio': 0.1}",5,4,50,326.63513092396477,0.9436130523681641,326.0167177219706,0.18968757378924708
2PGA,"{'phase1_duration': 5, 'phase2_duration': 15, 'pop_f_ratio': 0.1}",5,5,50,366.408275606738,0.9599325656890869,366.408275606738,0.0
2PGA,"{'phase1_duration': 5, 'phase2_duration': 15, 'pop_f_ratio': 0.1}",5,6,50,391.8280566342792,0.9584860801696777,391.6436471607254,0.04708603724093161
2PGA,"{'phase1_duration': 5, 'phase2_duration': 15, 'pop_f_ratio': 0.1}",5,7,100,772.5070909931579,1.898118495941162,772.316688642347,0.024653403663416267
2PGA,"{'phase1_duration': 5, 'phase2_duration': 15, 'pop_f_ratio': 0.1}",5,8,100,720.8074961216653,1.8508532047271729,720.8074961216653,0.0
2PGA,"{'phase1_duration': 5, 'phase2_duration': 15, 'pop_f_ratio': 0.1}",5,9,100,745.7776021484732,1.8172850608825684,745.7718161905123,0.0007758348914945377
2PGA,"{'phase1_duration': 5, 'phase2_duration': 15, 'pop_f_ratio': 0.2}",6,1,20,128.68783877137184,0.4492478370666504,125.88789655364162,2.224155216174532
2PGA,"{'phase1_duration': 5, 'phase2_duration': 15, 'pop_f_ratio': 0.2}",6,2,20,125.01292518876937,0.3749721050262451,119.87520229994017,4.2858929872536
2PGA,"{'phase1_duration': 5, 'phase2_duration': 15, 'pop_f_ratio': 0.2}",6,3,20,171.63171939613332,0.3613739013671875,164.19739149143297,4.5276772287142215
2PGA,"{'phase1_duration': 5, 'phase2_duration': 15, 'pop_f_ratio': 0.2}",6,4,50,328.1004430040695,0.9279148578643799,326.0167177219706,0.639146758073895
2PGA,"{'phase1_duration': 5, 'phase2_duration': 15, 'pop_f_ratio': 0.2}",6,5,50,366.408275606738,0.9492735862731934,366.408275606738,0.0
2PGA,"{'phase1_duration': 5, 'phase2_duration': 15, 'pop_f_ratio': 0.2}",6,6,50,391.8280566342792,0.9465107917785645,391.6436471607254,0.04708603724093161
2PGA,"{'phase1_duration': 5, 'phase2_duration': 15, 'pop_f_ratio': 0.2}",6,7,100,772.5070909931579,1.8815996646881104,772.316688642347,0.024653403663416267
2PGA,"{'phase1_duration': 5, 'phase2_duration': 15, 'pop_f_ratio': 0.2}",6,8,100,720.8074961216653,1.8494224548339844,720.8074961216653,0.0
2PGA,"{'phase1_duration': 5, 'phase2_duration': 15, 'pop_f_ratio': 0.2}",6,9,100,745.7776021484732,1.8173329830169678,745.7718161905123,0.0007758348914945377
2PGA,"{'phase1_duration': 5, 'phase2_duration': 25, 'pop_f_ratio': 0.05}",7,1,20,128.66989499711968,0.3875281810760498,125.88789655364162,2.2099014437759172
2PGA,"{'phase1_duration': 5, 'phase2_duration': 25, 'pop_f_ratio': 0.05}",7,2,20,124.16973035801792,0.39401936531066895,119.87520229994017,3.582499112145305
2PGA,"{'phase1_duration': 5, 'phase2_duration': 25, 'pop_f_ratio': 0.05}",7,3,20,165.01028607236,1.139617681503296,164.19739149143297,0.4950715559750224
2PGA,"{'phase1_duration': 5, 'phase2_duration': 25, 'pop_f_ratio': 0.05}",7,4,50,328.1004430040695,0.9390461444854736,326.0167177219706,0.639146758073895
2PGA,"{'phase1_duration': 5, 'phase2_duration': 25, 'pop_f_ratio': 0.05}",7,5,50,366.408275606738,0.9548125267028809,366.408275606738,0.0
2PGA,"{'phase1_duration': 5, 'phase2_duration': 25, 'pop_f_ratio': 0.05}",7,6,50,391.8280566342792,0.9573547840118408,391.6436471607254,0.04708603724093161
2PGA,"{'phase1_duration': 5, 'phase2_duration': 25, 'pop_f_ratio': 0.05}",7,7,100,772.316688642347,1.9162113666534424,772.316688642347,0.0
2PGA,"{'phase1_duration': 5, 'phase2_duration': 25, 'pop_f_ratio': 0.05}",7,8,100,720.8074961216653,1.8555359840393066,720.8074961216653,0.0
2PGA,"{'phase1_duration': 5, 'phase2_duration': 25, 'pop_f_ratio': 0.05}",7,9,100,745.7776021484732,1.8190810680389404,745.7718161905123,0.0007758348914945377
2PGA,"{'phase1_duration': 5, 'phase2_duration': 25, 'pop_f_ratio': 0.1}",8,1,20,126.20139654586545,0.3927922248840332,125.88789655364162,0.24903108305590027
2PGA,"{'phase1_duration': 5, 'phase2_duration': 25, 'pop_f_ratio': 0.1}",8,2,20,125.6112636257005,0.37419891357421875,119.87520229994017,4.78502744162893
2PGA,"{'phase1_duration': 5, 'phase2_duration': 25, 'pop_f_ratio': 0.1}",8,3,20,169.54748366756627,0.6928532123565674,164.19739149143297,3.258329579743929
2PGA,"{'phase1_duration': 5, 'phase2_duration': 25, 'pop_f_ratio': 0.1}",8,4,50,327.60447990706865,0.949981689453125,326.0167177219706,0.48701864008461176
2PGA,"{'phase1_duration': 5, 'phase2_duration': 25, 'pop_f_ratio': 0.1}",8,5,50,366.408275606738,0.9576103687286377,366.408275606738,0.0
2PGA,"{'phase1_duration': 5, 'phase2_duration': 25, 'pop_f_ratio': 0.1}",8,6,50,391.8280566342792,0.9539072513580322,391.6436471607254,0.04708603724093161
2PGA,"{'phase1_duration': 5, 'phase2_duration': 25, 'pop_f_ratio': 0.1}",8,7,100,772.5070909931579,1.8902335166931152,772.316688642347,0.024653403663416267
2PGA,"{'phase1_duration': 5, 'phase2_duration': 25, 'pop_f_ratio': 0.1}",8,8,100,720.8074961216653,1.8539080619812012,720.8074961216653,0.0
2PGA,"{'phase1_duration': 5, 'phase2_duration': 25, 'pop_f_ratio': 0.1}",8,9,100,745.7776021484732,1.8297531604766846,745.7718161905123,0.0007758348914945377
2PGA,"{'phase1_duration': 5, 'phase2_duration': 25, 'pop_f_ratio': 0.2}",9,1,20,127.28623745715348,0.42343688011169434,125.88789655364162,1.1107826421708535
2PGA,"{'phase1_duration': 5, 'phase2_duration': 25, 'pop_f_ratio': 0.2}",9,2,20,125.6112636257005,0.36835289001464844,119.87520229994017,4.78502744162893
2PGA,"{'phase1_duration': 5, 'phase2_duration': 25, 'pop_f_ratio': 0.2}",9,3,20,170.19359288210617,0.36621832847595215,164.19739149143297,3.651824999294255
2PGA,"{'phase1_duration': 5, 'phase2_duration': 25, 'pop_f_ratio': 0.2}",9,4,50,328.1004430040695,0.9306273460388184,326.0167177219706,0.639146758073895
2PGA,"{'phase1_duration': 5, 'phase2_duration': 25, 'pop_f_ratio': 0.2}",9,5,50,366.408275606738,0.9543044567108154,366.408275606738,0.0
2PGA,"{'phase1_duration': 5, 'phase2_duration': 25, 'pop_f_ratio': 0.2}",9,6,50,391.8280566342792,0.9528079032897949,391.6436471607254,0.04708603724093161
2PGA,"{'phase1_duration': 5, 'phase2_duration': 25, 'pop_f_ratio': 0.2}",9,7,100,772.5070909931579,1.8932640552520752,772.316688642347,0.024653403663416267
2PGA,"{'phase1_duration': 5, 'phase2_duration': 25, 'pop_f_ratio': 0.2}",9,8,100,720.8074961216653,1.8441951274871826,720.8074961216653,0.0
2PGA,"{'phase1_duration': 5, 'phase2_duration': 25, 'pop_f_ratio': 0.2}",9,9,100,745.7776021484732,1.8222205638885498,745.7718161905123,0.0007758348914945377
2PGA,"{'phase1_duration': 15, 'phase2_duration': 5, 'pop_f_ratio': 0.05}",10,1,20,126.34427043681902,1.5069658756256104,125.88789655364162,0.3625240358058791
2PGA,"{'phase1_duration': 15, 'phase2_duration': 5, 'pop_f_ratio': 0.05}",10,2,20,121.08585031049311,1.0954656600952148,119.87520229994017,1.009923643360182
2PGA,"{'phase1_duration': 15, 'phase2_duration': 5, 'pop_f_ratio': 0.05}",10,3,20,165.551391727515,0.9015059471130371,164.19739149143297,0.8246173850774536
2PGA,"{'phase1_duration': 15, 'phase2_duration': 5, 'pop_f_ratio': 0.05}",10,4,50,328.1004430040695,0.9372663497924805,326.0167177219706,0.639146758073895
2PGA,"{'phase1_duration': 15, 'phase2_duration': 5, 'pop_f_ratio': 0.05}",10,5,50,366.408275606738,0.9551165103912354,366.408275606738,0.0
2PGA,"{'phase1_duration': 15, 'phase2_duration': 5, 'pop_f_ratio': 0.05}",10,6,50,391.8280566342792,0.9643471240997314,391.6436471607254,0.04708603724093161
2PGA,"{'phase1_duration': 15, 'phase2_duration': 5, 'pop_f_ratio': 0.05}",10,7,100,772.5070909931579,1.9003469944000244,772.316688642347,0.024653403663416267
2PGA,"{'phase1_duration': 15, 'phase2_duration': 5, 'pop_f_ratio': 0.05}",10,8,100,720.8074961216653,1.8638603687286377,720.8074961216653,0.0
2PGA,"{'phase1_duration': 15, 'phase2_duration': 5, 'pop_f_ratio': 0.05}",10,9,100,745.7776021484732,1.8125169277191162,745.7718161905123,0.0007758348914945377
2PGA,"{'phase1_duration': 15, 'phase2_duration': 5, 'pop_f_ratio': 0.1}",11,1,20,127.64851792646704,0.43612170219421387,125.88789655364162,1.3985628650767075
2PGA,"{'phase1_duration': 15, 'phase2_duration': 5, 'pop_f_ratio': 0.1}",11,2,20,123.45526759181078,0.6981480121612549,119.87520229994017,2.9864936393708152
2PGA,"{'phase1_duration': 15, 'phase2_duration': 5, 'pop_f_ratio': 0.1}",11,3,20,168.4832117496447,0.46059679985046387,164.19739149143297,2.6101634254252795
2PGA,"{'phase1_duration': 15, 'phase2_duration': 5, 'pop_f_ratio': 0.1}",11,4,50,328.1004430040695,0.9335830211639404,326.0167177219706,0.639146758073895
2PGA,"{'phase1_duration': 15, 'phase2_duration': 5, 'pop_f_ratio': 0.1}",11,5,50,366.408275606738,0.9533588886260986,366.408275606738,0.0
2PGA,"{'phase1_duration': 15, 'phase2_duration': 5, 'pop_f_ratio': 0.1}",11,6,50,391.8280566342792,0.9556682109832764,391.6436471607254,0.04708603724093161
2PGA,"{'phase1_duration': 15, 'phase2_duration': 5, 'pop_f_ratio': 0.1}",11,7,100,772.5070909931579,1.8897299766540527,772.316688642347,0.024653403663416267
2PGA,"{'phase1_duration': 15, 'phase2_duration': 5, 'pop_f_ratio': 0.1}",11,8,100,720.8074961216653,1.8632993698120117,720.8074961216653,0.0
2PGA,"{'phase1_duration': 15, 'phase2_duration': 5, 'pop_f_ratio': 0.1}",11,9,100,745.7776021484732,1.8128471374511719,745.7718161905123,0.0007758348914945377
2PGA,"{'phase1_duration': 15, 'phase2_duration': 5, 'pop_f_ratio': 0.2}",12,1,20,128.7128753464889,0.47402477264404297,125.88789655364162,2.2440432084299067
2PGA,"{'phase1_duration': 15, 'phase2_duration': 5, 'pop_f_ratio': 0.2}",12,2,20,125.46821810413884,0.4576442241668701,119.87520229994017,4.665698740765723
2PGA,"{'phase1_duration': 15, 'phase2_duration': 5, 'pop_f_ratio': 0.2}",12,3,20,168.84422798935975,0.5401570796966553,164.19739149143297,2.830030645261033
2PGA,"{'phase1_duration': 15, 'phase2_duration': 5, 'pop_f_ratio': 0.2}",12,4,50,328.1004430040695,0.9253795146942139,326.0167177219706,0.639146758073895
2PGA,"{'phase1_duration': 15, 'phase2_duration': 5, 'pop_f_ratio': 0.2}",12,5,50,366.408275606738,0.951848030090332,366.408275606738,0.0
2PGA,"{'phase1_duration': 15, 'phase2_duration': 5, 'pop_f_ratio': 0.2}",12,6,50,391.8280566342792,0.9633665084838867,391.6436471607254,0.04708603724093161
2PGA,"{'phase1_duration': 15, 'phase2_duration': 5, 'pop_f_ratio': 0.2}",12,7,100,772.5070909931579,1.8950855731964111,772.316688642347,0.024653403663416267
2PGA,"{'phase1_duration': 15, 'phase2_duration': 5, 'pop_f_ratio': 0.2}",12,8,100,720.8074961216653,1.8504128456115723,720.8074961216653,0.0
2PGA,"{'phase1_duration': 15, 'phase2_duration': 5, 'pop_f_ratio': 0.2}",12,9,100,745.7776021484732,1.8241944313049316,745.7718161905123,0.0007758348914945377
2PGA,"{'phase1_duration': 15, 'phase2_duration': 15, 'pop_f_ratio': 0.05}",13,1,20,127.39171048896178,0.38889074325561523,125.88789655364162,1.1945659404034672
2PGA,"{'phase1_duration': 15, 'phase2_duration': 15, 'pop_f_ratio': 0.05}",13,2,20,119.87520229994017,1.3017704486846924,119.87520229994017,0.0
2PGA,"{'phase1_duration': 15, 'phase2_duration': 15, 'pop_f_ratio': 0.05}",13,3,20,167.8797808924446,0.8543186187744141,164.19739149143297,2.242660110226994
2PGA,"{'phase1_duration': 15, 'phase2_duration': 15, 'pop_f_ratio': 0.05}",13,4,50,328.1004430040695,0.9339566230773926,326.0167177219706,0.639146758073895
2PGA,"{'phase1_duration': 15, 'phase2_duration': 15, 'pop_f_ratio': 0.05}",13,5,50,366.408275606738,0.953502893447876,366.408275606738,0.0
2PGA,"{'phase1_duration': 15, 'phase2_duration': 15, 'pop_f_ratio': 0.05}",13,6,50,391.8280566342792,0.9605681896209717,391.6436471607254,0.04708603724093161
2PGA,"{'phase1_duration': 15, 'phase2_duration': 15, 'pop_f_ratio': 0.05}",13,7,100,772.5070909931579,1.884080410003662,772.316688642347,0.024653403663416267
2PGA,"{'phase1_duration': 15, 'phase2_duration': 15, 'pop_f_ratio': 0.05}",13,8,100,720.8074961216653,1.8517634868621826,720.8074961216653,0.0
2PGA,"{'phase1_duration': 15, 'phase2_duration': 15, 'pop_f_ratio': 0.05}",13,9,100,745.7776021484732,1.8371965885162354,745.7718161905123,0.0007758348914945377
2PGA,"{'phase1_duration': 15, 'phase2_duration': 15, 'pop_f_ratio': 0.1}",14,1,20,129.02848720614782,0.40356993675231934,125.88789655364162,2.4947518693093467
2PGA,"{'phase1_duration': 15, 'phase2_duration': 15, 'pop_f_ratio': 0.1}",14,2,20,123.31501028263087,0.6419374942779541,119.87520229994017,2.869490867747559
2PGA,"{'phase1_duration': 15, 'phase2_duration': 15, 'pop_f_ratio': 0.1}",14,3,20,165.17334233609765,1.7883632183074951,164.19739149143297,0.59437658284334
2PGA,"{'phase1_duration': 15, 'phase2_duration': 15, 'pop_f_ratio': 0.1}",14,4,50,328.1004430040695,0.9839088916778564,326.0167177219706,0.639146758073895
2PGA,"{'phase1_duration': 15, 'phase2_duration': 15, 'pop_f_ratio': 0.1}",14,5,50,366.408275606738,0.9581091403961182,366.408275606738,0.0
2PGA,"{'phase1_duration': 15, 'phase2_duration': 15, 'pop_f_ratio': 0.1}",14,6,50,391.6436471607254,0.9576206207275391,391.6436471607254,0.0
2PGA,"{'phase1_duration': 15, 'phase2_duration': 15, 'pop_f_ratio': 0.1}",14,7,100,772.5070909931579,1.8918354511260986,772.316688642347,0.024653403663416267
2PGA,"{'phase1_duration': 15, 'phase2_duration': 15, 'pop_f_ratio': 0.1}",14,8,100,720.8074961216653,1.87618088722229,720.8074961216653,0.0
2PGA,"{'phase1_duration': 15, 'phase2_duration': 15, 'pop_f_ratio': 0.1}",14,9,100,745.7776021484732,1.8345775604248047,745.7718161905123,0.0007758348914945377
2PGA,"{'phase1_duration': 15, 'phase2_duration': 15, 'pop_f_ratio': 0.2}",15,1,20,127.91603542018903,0.6404314041137695,125.88789655364162,1.6110674036746697
2PGA,"{'phase1_duration': 15, 'phase2_duration': 15, 'pop_f_ratio': 0.2}",15,2,20,125.6112636257005,0.37746453285217285,119.87520229994017,4.78502744162893
2PGA,"{'phase1_duration': 15, 'phase2_duration': 15, 'pop_f_ratio': 0.2}",15,3,20,169.76712378693958,0.6992316246032715,164.19739149143297,3.3920954802727263
2PGA,"{'phase1_duration': 15, 'phase2_duration': 15, 'pop_f_ratio': 0.2}",15,4,50,328.1004430040695,0.9211390018463135,326.0167177219706,0.639146758073895
2PGA,"{'phase1_duration': 15, 'phase2_duration': 15, 'pop_f_ratio': 0.2}",15,5,50,366.408275606738,0.954688310623169,366.408275606738,0.0
2PGA,"{'phase1_duration': 15, 'phase2_duration': 15, 'pop_f_ratio': 0.2}",15,6,50,391.8280566342792,0.9660465717315674,391.6436471607254,0.04708603724093161
2PGA,"{'phase1_duration': 15, 'phase2_duration': 15, 'pop_f_ratio': 0.2}",15,7,100,772.5070909931579,1.9063475131988525,772.316688642347,0.024653403663416267
2PGA,"{'phase1_duration': 15, 'phase2_duration': 15, 'pop_f_ratio': 0.2}",15,8,100,720.8074961216653,1.8607146739959717,720.8074961216653,0.0
2PGA,"{'phase1_duration': 15, 'phase2_duration': 15, 'pop_f_ratio': 0.2}",15,9,100,745.7776021484732,1.8207948207855225,745.7718161905123,0.0007758348914945377
2PGA,"{'phase1_duration': 15, 'phase2_duration': 25, 'pop_f_ratio': 0.05}",16,1,20,128.4796766019214,0.4711182117462158,125.88789655364162,2.058800027034687
2PGA,"{'phase1_duration': 15, 'phase2_duration': 25, 'pop_f_ratio': 0.05}",16,2,20,120.53360784515061,1.4751732349395752,119.87520229994017,0.5492424893374055
2PGA,"{'phase1_duration': 15, 'phase2_duration': 25, 'pop_f_ratio': 0.05}",16,3,20,169.11177861550377,0.5940191745758057,164.19739149143297,2.9929751498684487
2PGA,"{'phase1_duration': 15, 'phase2_duration': 25, 'pop_f_ratio': 0.05}",16,4,50,328.1004430040695,0.9365606307983398,326.0167177219706,0.639146758073895
2PGA,"{'phase1_duration': 15, 'phase2_duration': 25, 'pop_f_ratio': 0.05}",16,5,50,366.408275606738,0.9499588012695312,366.408275606738,0.0
2PGA,"{'phase1_duration': 15, 'phase2_duration': 25, 'pop_f_ratio': 0.05}",16,6,50,391.8280566342792,0.963007926940918,391.6436471607254,0.04708603724093161
2PGA,"{'phase1_duration': 15, 'phase2_duration': 25, 'pop_f_ratio': 0.05}",16,7,100,772.5070909931579,1.8944435119628906,772.316688642347,0.024653403663416267
2PGA,"{'phase1_duration': 15, 'phase2_duration': 25, 'pop_f_ratio': 0.05}",16,8,100,720.8074961216653,1.8572900295257568,720.8074961216653,0.0
2PGA,"{'phase1_duration': 15, 'phase2_duration': 25, 'pop_f_ratio': 0.05}",16,9,100,745.7776021484732,1.8278512954711914,745.7718161905123,0.0007758348914945377
2PGA,"{'phase1_duration': 15, 'phase2_duration': 25, 'pop_f_ratio': 0.1}",17,1,20,126.7864192731778,0.3851437568664551,125.88789655364162,0.7137482983944436
2PGA,"{'phase1_duration': 15, 'phase2_duration': 25, 'pop_f_ratio': 0.1}",17,2,20,125.6112636257005,0.3747518062591553,119.87520229994017,4.78502744162893
2PGA,"{'phase1_duration': 15, 'phase2_duration': 25, 'pop_f_ratio': 0.1}",17,3,20,168.53106098840686,0.4200117588043213,164.19739149143297,2.6393047158730334
2PGA,"{'phase1_duration': 15, 'phase2_duration': 25, 'pop_f_ratio': 0.1}",17,4,50,328.1004430040695,0.9309887886047363,326.0167177219706,0.639146758073895
2PGA,"{'phase1_duration': 15, 'phase2_duration': 25, 'pop_f_ratio': 0.1}",17,5,50,366.408275606738,0.9532120227813721,366.408275606738,0.0
2PGA,"{'phase1_duration': 15, 'phase2_duration': 25, 'pop_f_ratio': 0.1}",17,6,50,391.8280566342792,0.9590277671813965,391.6436471607254,0.04708603724093161
2PGA,"{'phase1_duration': 15, 'phase2_duration': 25, 'pop_f_ratio': 0.1}",17,7,100,772.5070909931579,1.9073147773742676,772.316688642347,0.024653403663416267
2PGA,"{'phase1_duration': 15, 'phase2_duration': 25, 'pop_f_ratio': 0.1}",17,8,100,720.8074961216653,1.8704915046691895,720.8074961216653,0.0
2PGA,"{'phase1_duration': 15, 'phase2_duration': 25, 'pop_f_ratio': 0.1}",17,9,100,745.7776021484732,1.851789951324463,745.7718161905123,0.0007758348914945377
2PGA,"{'phase1_duration': 15, 'phase2_duration': 25, 'pop_f_ratio': 0.2}",18,1,20,128.6608183419898,0.42337608337402344,125.88789655364162,2.2026913343226857
2PGA,"{'phase1_duration': 15, 'phase2_duration': 25, 'pop_f_ratio': 0.2}",18,2,20,124.83309601773306,0.578881025314331,119.87520229994017,4.135879333398513
2PGA,"{'phase1_duration': 15, 'phase2_duration': 25, 'pop_f_ratio': 0.2}",18,3,20,170.9375152953058,0.3619978427886963,164.19739149143297,4.10489091370522
2PGA,"{'phase1_duration': 15, 'phase2_duration': 25, 'pop_f_ratio': 0.2}",18,4,50,328.1004430040695,0.9258956909179688,326.0167177219706,0.639146758073895
2PGA,"{'phase1_duration': 15, 'phase2_duration': 25, 'pop_f_ratio': 0.2}",18,5,50,366.408275606738,0.953162670135498,366.408275606738,0.0
2PGA,"{'phase1_duration': 15, 'phase2_duration': 25, 'pop_f_ratio': 0.2}",18,6,50,391.8280566342792,0.9531214237213135,391.6436471607254,0.04708603724093161
2PGA,"{'phase1_duration': 15, 'phase2_duration': 25, 'pop_f_ratio': 0.2}",18,7,100,772.5070909931579,1.8944165706634521,772.316688642347,0.024653403663416267
2PGA,"{'phase1_duration': 15, 'phase2_duration': 25, 'pop_f_ratio': 0.2}",18,8,100,720.8074961216653,1.8604037761688232,720.8074961216653,0.0
2PGA,"{'phase1_duration': 15, 'phase2_duration': 25, 'pop_f_ratio': 0.2}",18,9,100,745.7776021484732,1.8268930912017822,745.7718161905123,0.0007758348914945377
2PGA,"{'phase1_duration': 25, 'phase2_duration': 5, 'pop_f_ratio': 0.05}",19,1,20,129.61513488962757,0.40512609481811523,125.88789655364162,2.9607598808339333
2PGA,"{'phase1_duration': 25, 'phase2_duration': 5, 'pop_f_ratio': 0.05}",19,2,20,124.06795262909145,0.4388401508331299,119.87520229994017,3.4975960404726454
2PGA,"{'phase1_duration': 25, 'phase2_duration': 5, 'pop_f_ratio': 0.05}",19,3,20,166.91722357823085,1.419809103012085,164.19739149143297,1.6564404964617159
2PGA,"{'phase1_duration': 25, 'phase2_duration': 5, 'pop_f_ratio': 0.05}",19,4,50,326.7781905469108,1.5163013935089111,326.0167177219706,0.23356864343060732
2PGA,"{'phase1_duration': 25, 'phase2_duration': 5, 'pop_f_ratio': 0.05}",19,5,50,366.408275606738,0.9572474956512451,366.408275606738,0.0
2PGA,"{'phase1_duration': 25, 'phase2_duration': 5, 'pop_f_ratio': 0.05}",19,6,50,391.8280566342792,0.9488382339477539,391.6436471607254,0.04708603724093161
2PGA,"{'phase1_duration': 25, 'phase2_duration': 5, 'pop_f_ratio': 0.05}",19,7,100,772.5070909931579,1.8877811431884766,772.316688642347,0.024653403663416267
2PGA,"{'phase1_duration': 25, 'phase2_duration': 5, 'pop_f_ratio': 0.05}",19,8,100,720.8074961216653,1.867574691772461,720.8074961216653,0.0
2PGA,"{'phase1_duration': 25, 'phase2_duration': 5, 'pop_f_ratio': 0.05}",19,9,100,745.7776021484732,1.8270313739776611,745.7718161905123,0.0007758348914945377
2PGA,"{'phase1_duration': 25, 'phase2_duration': 5, 'pop_f_ratio': 0.1}",20,1,20,127.29510809961465,0.39943456649780273,125.88789655364162,1.1178291039070665
2PGA,"{'phase1_duration': 25, 'phase2_duration': 5, 'pop_f_ratio': 0.1}",20,2,20,121.48485108144189,1.5323960781097412,119.87520229994017,1.3427704401067124
2PGA,"{'phase1_duration': 25, 'phase2_duration': 5, 'pop_f_ratio': 0.1}",20,3,20,164.19739149143297,1.3326146602630615,164.19739149143297,0.0
2PGA,"{'phase1_duration': 25, 'phase2_duration': 5, 'pop_f_ratio': 0.1}",20,4,50,328.1004430040695,0.9304909706115723,326.0167177219706,0.639146758073895
2PGA,"{'phase1_duration': 25, 'phase2_duration': 5, 'pop_f_ratio': 0.1}",20,5,50,366.408275606738,0.9542765617370605,366.408275606738,0.0
2PGA,"{'phase1_duration': 25, 'phase2_duration': 5, 'pop_f_ratio': 0.1}",20,6,50,391.8280566342792,0.952761173248291,391.6436471607254,0.04708603724093161
2PGA,"{'phase1_duration': 25, 'phase2_duration': 5, 'pop_f_ratio': 0.1}",20,7,100,772.5070909931579,1.8989887237548828,772.316688642347,0.024653403663416267
2PGA,"{'phase1_duration': 25, 'phase2_duration': 5, 'pop_f_ratio': 0.1}",20,8,100,720.8074961216653,1.8683021068572998,720.8074961216653,0.0
2PGA,"{'phase1_duration': 25, 'phase2_duration': 5, 'pop_f_ratio': 0.1}",20,9,100,745.7776021484732,1.8099372386932373,745.7718161905123,0.0007758348914945377
2PGA,"{'phase1_duration': 25, 'phase2_duration': 5, 'pop_f_ratio': 0.2}",21,1,20,127.7814637043815,0.42554616928100586,125.88789655364162,1.5041693463620696
2PGA,"{'phase1_duration': 25, 'phase2_duration': 5, 'pop_f_ratio': 0.2}",21,2,20,124.57270183134193,0.5407700538635254,119.87520229994017,3.9186582723323626
2PGA,"{'phase1_duration': 25, 'phase2_duration': 5, 'pop_f_ratio': 0.2}",21,3,20,170.45062905454685,0.4192383289337158,164.19739149143297,3.808365958992807
2PGA,"{'phase1_duration': 25, 'phase2_duration': 5, 'pop_f_ratio': 0.2}",21,4,50,328.1004430040695,0.9276530742645264,326.0167177219706,0.639146758073895
2PGA,"{'phase1_duration': 25, 'phase2_duration': 5, 'pop_f_ratio': 0.2}",21,5,50,366.408275606738,0.9518129825592041,366.408275606738,0.0
2PGA,"{'phase1_duration': 25, 'phase2_duration': 5, 'pop_f_ratio': 0.2}",21,6,50,391.8280566342792,0.9588944911956787,391.6436471607254,0.04708603724093161
2PGA,"{'phase1_duration': 25, 'phase2_duration': 5, 'pop_f_ratio': 0.2}",21,7,100,772.5070909931579,1.9014036655426025,772.316688642347,0.024653403663416267
2PGA,"{'phase1_duration': 25, 'phase2_duration': 5, 'pop_f_ratio': 0.2}",21,8,100,720.8074961216653,1.8614513874053955,720.8074961216653,0.0
2PGA,"{'phase1_duration': 25, 'phase2_duration': 5, 'pop_f_ratio': 0.2}",21,9,100,745.7776021484732,1.8245110511779785,745.7718161905123,0.0007758348914945377
2PGA,"{'phase1_duration': 25, 'phase2_duration': 15, 'pop_f_ratio': 0.05}",22,1,20,126.41046856980034,1.6666994094848633,125.88789655364162,0.4151090219670545
2PGA,"{'phase1_duration': 25, 'phase2_duration': 15, 'pop_f_ratio': 0.05}",22,2,20,120.61735253212612,1.0794742107391357,119.87520229994017,0.6191023814324939
2PGA,"{'phase1_duration': 25, 'phase2_duration': 15, 'pop_f_ratio': 0.05}",22,3,20,165.39934517134805,1.2921006679534912,164.19739149143297,0.7320175241503704
2PGA,"{'phase1_duration': 25, 'phase2_duration': 15, 'pop_f_ratio': 0.05}",22,4,50,326.0167177219706,2.872579574584961,326.0167177219706,0.0
2PGA,"{'phase1_duration': 25, 'phase2_duration': 15, 'pop_f_ratio': 0.05}",22,5,50,366.408275606738,0.9593231678009033,366.408275606738,0.0
2PGA,"{'phase1_duration': 25, 'phase2_duration': 15, 'pop_f_ratio': 0.05}",22,6,50,391.8280566342792,0.9748246669769287,391.6436471607254,0.04708603724093161
2PGA,"{'phase1_duration': 25, 'phase2_duration': 15, 'pop_f_ratio': 0.05}",22,7,100,772.5070909931579,1.898977279663086,772.316688642347,0.024653403663416267
2PGA,"{'phase1_duration': 25, 'phase2_duration': 15, 'pop_f_ratio': 0.05}",22,8,100,720.8074961216653,1.8508455753326416,720.8074961216653,0.0
2PGA,"{'phase1_duration': 25, 'phase2_duration': 15, 'pop_f_ratio': 0.05}",22,9,100,745.7718161905123,1.8521606922149658,745.7718161905123,0.0
2PGA,"{'phase1_duration': 25, 'phase2_duration': 15, 'pop_f_ratio': 0.1}",23,1,20,128.2276989372331,0.4346604347229004,125.88789655364162,1.8586396688219118
2PGA,"{'phase1_duration': 25, 'phase2_duration': 15, 'pop_f_ratio': 0.1}",23,2,20,124.52071584365865,1.0559606552124023,119.87520229994017,3.8752915153335246
2PGA,"{'phase1_duration': 25, 'phase2_duration': 15, 'pop_f_ratio': 0.1}",23,3,20,167.09676294016677,0.8435041904449463,164.19739149143297,1.765784110452862
2PGA,"{'phase1_duration': 25, 'phase2_duration': 15, 'pop_f_ratio': 0.1}",23,4,50,328.1004430040695,0.9475440979003906,326.0167177219706,0.639146758073895
2PGA,"{'phase1_duration': 25, 'phase2_duration': 15, 'pop_f_ratio': 0.1}",23,5,50,366.408275606738,0.9760682582855225,366.408275606738,0.0
2PGA,"{'phase1_duration': 25, 'phase2_duration': 15, 'pop_f_ratio': 0.1}",23,6,50,391.8280566342792,0.9607031345367432,391.6436471607254,0.04708603724093161
2PGA,"{'phase1_duration': 25, 'phase2_duration': 15, 'pop_f_ratio': 0.1}",23,7,100,772.5070909931579,1.9004559516906738,772.316688642347,0.024653403663416267
2PGA,"{'phase1_duration': 25, 'phase2_duration': 15, 'pop_f_ratio': 0.1}",23,8,100,720.8074961216653,1.8590309619903564,720.8074961216653,0.0
2PGA,"{'phase1_duration': 25, 'phase2_duration': 15, 'pop_f_ratio': 0.1}",23,9,100,745.7776021484732,1.8504993915557861,745.7718161905123,0.0007758348914945377
2PGA,"{'phase1_duration': 25, 'phase2_duration': 15, 'pop_f_ratio': 0.2}",24,1,20,129.22499044133008,0.7208709716796875,125.88789655364162,2.650845696088422
2PGA,"{'phase1_duration': 25, 'phase2_duration': 15, 'pop_f_ratio': 0.2}",24,2,20,124.97468302210697,0.38948750495910645,119.87520229994017,4.253991337931071
2PGA,"{'phase1_duration': 25, 'phase2_duration': 15, 'pop_f_ratio': 0.2}",24,3,20,169.79055793396319,0.595604419708252,164.19739149143297,3.4063674165140703
2PGA,"{'phase1_duration': 25, 'phase2_duration': 15, 'pop_f_ratio': 0.2}",24,4,50,328.1004430040695,0.9341886043548584,326.0167177219706,0.639146758073895
2PGA,"{'phase1_duration': 25, 'phase2_duration': 15, 'pop_f_ratio': 0.2}",24,5,50,366.408275606738,0.9671285152435303,366.408275606738,0.0
2PGA,"{'phase1_duration': 25, 'phase2_duration': 15, 'pop_f_ratio': 0.2}",24,6,50,391.8280566342792,0.959874153137207,391.6436471607254,0.04708603724093161
2PGA,"{'phase1_duration': 25, 'phase2_duration': 15, 'pop_f_ratio': 0.2}",24,7,100,772.5070909931579,1.9091684818267822,772.316688642347,0.024653403663416267
2PGA,"{'phase1_duration': 25, 'phase2_duration': 15, 'pop_f_ratio': 0.2}",24,8,100,720.8074961216653,1.8610315322875977,720.8074961216653,0.0
2PGA,"{'phase1_duration': 25, 'phase2_duration': 15, 'pop_f_ratio': 0.2}",24,9,100,745.7776021484732,1.846651315689087,745.7718161905123,0.0007758348914945377
2PGA,"{'phase1_duration': 25, 'phase2_duration': 25, 'pop_f_ratio': 0.05}",25,1,20,128.83355246786095,0.49484705924987793,125.88789655364162,2.3399039898678167
2PGA,"{'phase1_duration': 25, 'phase2_duration': 25, 'pop_f_ratio': 0.05}",25,2,20,120.41484272178802,1.191786289215088,119.87520229994017,0.45016851817076664
2PGA,"{'phase1_duration': 25, 'phase2_duration': 25, 'pop_f_ratio': 0.05}",25,3,20,167.92288388297413,0.7808501720428467,164.19739149143297,2.2689108259893063
2PGA,"{'phase1_duration': 25, 'phase2_duration': 25, 'pop_f_ratio': 0.05}",25,4,50,328.1004430040695,0.9426031112670898,326.0167177219706,0.639146758073895
2PGA,"{'phase1_duration': 25, 'phase2_duration': 25, 'pop_f_ratio': 0.05}",25,5,50,366.408275606738,0.980219841003418,366.408275606738,0.0
2PGA,"{'phase1_duration': 25, 'phase2_duration': 25, 'pop_f_ratio': 0.05}",25,6,50,391.8280566342792,0.9669861793518066,391.6436471607254,0.04708603724093161
2PGA,"{'phase1_duration': 25, 'phase2_duration': 25, 'pop_f_ratio': 0.05}",25,7,100,772.5070909931579,1.900808572769165,772.316688642347,0.024653403663416267
2PGA,"{'phase1_duration': 25, 'phase2_duration': 25, 'pop_f_ratio': 0.05}",25,8,100,720.8074961216653,1.890784740447998,720.8074961216653,0.0
2PGA,"{'phase1_duration': 25, 'phase2_duration': 25, 'pop_f_ratio': 0.05}",25,9,100,745.7776021484732,1.8470377922058105,745.7718161905123,0.0007758348914945377
2PGA,"{'phase1_duration': 25, 'phase2_duration': 25, 'pop_f_ratio': 0.1}",26,1,20,127.56271297989889,0.8355131149291992,125.88789655364162,1.3304030586797644
2PGA,"{'phase1_duration': 25, 'phase2_duration': 25, 'pop_f_ratio': 0.1}",26,2,20,125.48181599793688,0.5230655670166016,119.87520229994017,4.6770421158234035
2PGA,"{'phase1_duration': 25, 'phase2_duration': 25, 'pop_f_ratio': 0.1}",26,3,20,168.04274525970453,0.5448508262634277,164.19739149143297,2.3419091700200347
2PGA,"{'phase1_duration': 25, 'phase2_duration': 25, 'pop_f_ratio': 0.1}",26,4,50,328.1004430040695,0.9363081455230713,326.0167177219706,0.639146758073895
2PGA,"{'phase1_duration': 25, 'phase2_duration': 25, 'pop_f_ratio': 0.1}",26,5,50,366.408275606738,0.9572587013244629,366.408275606738,0.0
2PGA,"{'phase1_duration': 25, 'phase2_duration': 25, 'pop_f_ratio': 0.1}",26,6,50,391.8280566342792,0.9566690921783447,391.6436471607254,0.04708603724093161
2PGA,"{'phase1_duration': 25, 'phase2_duration': 25, 'pop_f_ratio': 0.1}",26,7,100,772.5070909931579,1.8828425407409668,772.316688642347,0.024653403663416267
2PGA,"{'phase1_duration': 25, 'phase2_duration': 25, 'pop_f_ratio': 0.1}",26,8,100,720.8074961216653,1.8784937858581543,720.8074961216653,0.0
2PGA,"{'phase1_duration': 25, 'phase2_duration': 25, 'pop_f_ratio': 0.1}",26,9,100,745.7776021484732,1.8575818538665771,745.7718161905123,0.0007758348914945377
2PGA,"{'phase1_duration': 25, 'phase2_duration': 25, 'pop_f_ratio': 0.2}",27,1,20,128.13412376853174,0.4193274974822998,125.88789655364162,1.7843075278749936
2PGA,"{'phase1_duration': 25, 'phase2_duration': 25, 'pop_f_ratio': 0.2}",27,2,20,125.6112636257005,0.3769049644470215,119.87520229994017,4.78502744162893
2PGA,"{'phase1_duration': 25, 'phase2_duration': 25, 'pop_f_ratio': 0.2}",27,3,20,170.2745681721436,0.3925778865814209,164.19739149143297,3.7011408192971897
2PGA,"{'phase1_duration': 25, 'phase2_duration': 25, 'pop_f_ratio': 0.2}",27,4,50,328.1004430040695,0.9415183067321777,326.0167177219706,0.639146758073895
2PGA,"{'phase1_duration': 25, 'phase2_duration': 25, 'pop_f_ratio': 0.2}",27,5,50,366.408275606738,0.9615423679351807,366.408275606738,0.0
2PGA,"{'phase1_duration': 25, 'phase2_duration': 25, 'pop_f_ratio': 0.2}",27,6,50,391.8280566342792,0.9577252864837646,391.6436471607254,0.04708603724093161
2PGA,"{'phase1_duration': 25, 'phase2_duration': 25, 'pop_f_ratio': 0.2}",27,7,100,772.5070909931579,1.8917126655578613,772.316688642347,0.024653403663416267
2PGA,"{'phase1_duration': 25, 'phase2_duration': 25, 'pop_f_ratio': 0.2}",27,8,100,720.8074961216653,1.861764907836914,720.8074961216653,0.0
2PGA,"{'phase1_duration': 25, 'phase2_duration': 25, 'pop_f_ratio': 0.2}",27,9,100,745.7776021484732,1.8543365001678467,745.7718161905123,0.0007758348914945377
