variant,instance_id,repetition,size,power_pressure_class,ga_rpd,variant_rpd,rpd_improvement_over_ga,outcome,ga_reached_0_1pct,variant_reached_0_1pct,ga_time_to_0_1pct_s,variant_time_to_0_1pct_s,ga_evaluations_to_0_1pct,variant_evaluations_to_0_1pct,ga_reached_1pct,variant_reached_1pct,ga_time_to_1pct_s,variant_time_to_1pct_s,ga_evaluations_to_1pct,variant_evaluations_to_1pct
2PGA,n0020_i01,1,20,medium,0.7450974196442167,0.5734967122747692,0.17160070736944755,variant_win,False,False,,,,,True,True,0.10609809996094555,0.954891499990481,2808.0,30632.0
2PGA,n0020_i01,2,20,medium,1.2571536909664822,0.8492520087783004,0.4079016821881818,variant_win,False,False,,,,,False,True,,0.536018899991177,,9376.0
2PGA,n0020_i01,3,20,medium,1.218770346338317,0.857804103562431,0.36096624277588607,variant_win,False,False,,,,,False,True,,0.37460290000308305,,7086.0
2PGA,n0020_i01,4,20,medium,0.260893741836982,0.6839183466805232,-0.4230246048435412,ga_win,False,False,,,,,True,True,0.04899849998764694,0.39360880000458565,917.0,7508.0
2PGA,n0020_i01,5,20,medium,1.2513868554735708,0.7679635142323924,0.48342334124117836,variant_win,False,False,,,,,False,True,,6.572330700000748,,205568.0
2PGA,n0020_i02,1,20,low,0.0,0.0,0.0,tie,True,True,0.0003955999854952097,0.0002558999985922128,1.0,1.0,True,True,0.0003955999854952097,0.0002558999985922128,1.0,1.0
2PGA,n0020_i02,2,20,low,0.0,0.0,0.0,tie,True,True,0.0004059000057168305,0.00024649999977555126,1.0,1.0,True,True,0.0004059000057168305,0.00024649999977555126,1.0,1.0
2PGA,n0020_i02,3,20,low,0.0,0.0,0.0,tie,True,True,0.00040989997796714306,0.00024480000138282776,1.0,1.0,True,True,0.00040989997796714306,0.00024480000138282776,1.0,1.0
2PGA,n0020_i02,4,20,low,0.0,0.0,0.0,tie,True,True,0.00040259998058900237,0.00032210000790655613,1.0,1.0,True,True,0.00040259998058900237,0.00032210000790655613,1.0,1.0
2PGA,n0020_i02,5,20,low,0.0,0.0,0.0,tie,True,True,0.00040259992238134146,0.0002523000002838671,1.0,1.0,True,True,0.00040259992238134146,0.0002523000002838671,1.0,1.0
2PGA,n0020_i03,1,20,high,0.4040594951425392,0.5183384431995703,-0.11427894805703115,ga_win,False,False,,,,,True,True,0.10911130008753389,1.2186399000056554,2231.0,39760.0
2PGA,n0020_i03,2,20,high,2.494897733511993,0.9010532240495246,1.5938445094624683,variant_win,False,False,,,,,False,True,,12.989127900000312,,427157.0
2PGA,n0020_i03,3,20,high,0.390029173488333,0.15427800545887335,0.23575116802945964,variant_win,False,False,,,,,True,True,4.486870200023986,13.70024549998925,91796.0,430334.0
2PGA,n0020_i03,4,20,high,0.47028806255568184,0.5188548067235155,-0.04856674416783363,ga_win,False,False,,,,,True,True,0.19088420004118234,2.2772426000010455,3719.0,76350.0
2PGA,n0020_i03,5,20,high,0.30575500634910335,0.1066251293805657,0.19912987696853765,variant_win,False,False,,,,,True,True,0.11915250006131828,5.309439599994221,2310.0,172591.0
2PGA,n0020_i04,1,20,high,0.19838416885325133,0.1303760932817567,0.06800807557149463,variant_win,False,False,,,,,True,True,0.026471500052139163,0.18153370000072755,567.0,6471.0
2PGA,n0020_i04,2,20,high,0.24667685230218017,0.08965592337857027,0.15702092892360991,variant_win,False,True,,35.36503329999687,,1207594.0,True,True,0.060288900043815374,0.18986719999520574,1322.0,6621.0
2PGA,n0020_i04,3,20,high,0.36612349415261763,0.10842666784926995,0.25769682630334767,variant_win,False,False,,,,,True,True,0.06749209994450212,0.19366119999904186,1408.0,7015.0
2PGA,n0020_i04,4,20,high,0.3931347914404509,0.10466180513829516,0.28847298630215573,variant_win,False,False,,,,,True,True,0.04920130001846701,0.1312113999883877,1089.0,4452.0
2PGA,n0020_i04,5,20,high,0.4212719973065645,0.08965592337857027,0.33161607392799425,variant_win,False,True,,22.107319099988672,,768354.0,True,True,0.04354879993479699,0.9643379999906756,911.0,34332.0
2PGA,n0020_i05,1,20,medium,0.32421284496772396,0.13811318098776168,0.18609966397996228,variant_win,False,False,,,,,True,True,0.14170589996501803,2.9116686999914236,2726.0,93728.0
2PGA,n0020_i05,2,20,medium,0.6937645976531449,0.0,0.6937645976531449,variant_win,False,True,,7.442760799996904,,232176.0,True,True,0.07341810001526028,0.13283380000211764,1414.0,4384.0
2PGA,n0020_i05,3,20,medium,0.22925415913472427,0.5339763939642378,-0.30472223482951355,ga_win,False,False,,,,,True,True,0.328131299931556,0.6008355999947526,6184.0,18828.0
2PGA,n0020_i05,4,20,medium,0.5749229593489509,0.5033943738496448,0.07152858549930607,variant_win,False,False,,,,,True,True,0.47782050003297627,0.4768788999936078,8713.0,15191.0
2PGA,n0020_i05,5,20,medium,0.5749229593489509,0.14258905687150422,0.43233390247744663,variant_win,False,False,,,,,True,True,0.32186220004223287,4.891820000004373,6168.0,157416.0
2PGA,n0020_i06,1,20,low,0.28235165841074333,0.33489894532682807,-0.052547286916084734,ga_win,False,False,,,,,True,True,0.0620718999998644,0.7110561000008602,1180.0,21991.0
2PGA,n0020_i06,2,20,low,0.28879805388257646,0.2775931133649178,0.011204940517658635,variant_win,False,False,,,,,True,True,0.10104989993851632,0.5079992999962997,1896.0,15786.0
2PGA,n0020_i06,3,20,low,0.192028355977948,0.16752674697847605,0.024501608999471958,variant_win,False,False,,,,,True,True,0.12582949991337955,1.9813851999933831,2139.0,61109.0
2PGA,n0020_i06,4,20,low,0.4720183375966871,0.9052009840562624,-0.43318264645957527,ga_win,False,False,,,,,True,True,0.14296279998961836,3.8865060999960406,2683.0,117305.0
2PGA,n0020_i06,5,20,low,0.3162671024769797,0.41289314380968095,-0.09662604133270125,ga_win,False,False,,,,,True,True,0.1954808000009507,2.2415085999964504,3637.0,72565.0
2PGA,n0050_i01,1,50,medium,0.20260875893446456,0.4067808301608244,-0.20417207122635983,ga_win,False,False,,,,,True,True,0.1263598999939859,0.5300208000116982,1016.0,6796.0
2PGA,n0050_i01,2,50,medium,0.20620340566041143,0.37145146106549776,-0.16524805540508633,ga_win,False,False,,,,,True,True,0.11522420006804168,0.5567454000120051,919.0,7205.0
2PGA,n0050_i01,3,50,medium,0.23345362644596457,0.1586337856502173,0.07481984079574727,variant_win,False,False,,,,,True,True,0.21797849994618446,0.1152074999990873,1742.0,1489.0
2PGA,n0050_i01,4,50,medium,0.28304462821622195,0.13033313898003915,0.1527114892361828,variant_win,False,False,,,,,True,True,0.12965309992432594,0.3180528999946546,1045.0,4207.0
2PGA,n0050_i01,5,50,medium,0.16843668363224304,0.2228986686395125,-0.05446198500726945,ga_win,False,False,,,,,True,True,0.1483655000338331,0.5000621000071988,1188.0,6502.0
2PGA,n0050_i02,1,50,high,0.2961456892745159,0.3130563244199396,-0.01691063514542368,ga_win,False,False,,,,,True,True,0.18133539997506887,0.8251889999955893,1641.0,12145.0
2PGA,n0050_i02,2,50,high,0.633361853644888,0.25336107618979953,0.3800007774550884,variant_win,False,False,,,,,True,True,0.3471828999463469,0.44555730000138283,3167.0,6545.0
2PGA,n0050_i02,3,50,high,0.7147765459633807,0.18234367328678996,0.5324328726765908,variant_win,False,False,,,,,True,True,0.13519109995104373,0.8549438000045484,1229.0,7419.0
2PGA,n0050_i02,4,50,high,0.2896019412264886,0.24775210702849632,0.041849834197992264,variant_win,False,False,,,,,True,True,0.41379549994599074,0.6669109999929788,3773.0,9674.0
2PGA,n0050_i02,5,50,high,0.35150579323354947,0.12196419352598438,0.2295415997075651,variant_win,False,False,,,,,True,True,0.39317739999387413,0.7166806000022916,3582.0,10685.0
2PGA,n0050_i03,1,50,medium,0.31743065201748794,0.34930488033633994,-0.031874228318852005,ga_win,False,False,,,,,True,True,0.12766009999904782,0.11384809999435674,1014.0,1450.0
2PGA,n0050_i03,2,50,medium,0.2792181567873436,0.36811771500312496,-0.08889955821578138,ga_win,False,False,,,,,True,True,0.18630159995518625,0.5097699999896577,1454.0,6465.0
2PGA,n0050_i03,3,50,medium,0.2808926049068686,0.27008674396790633,0.010805860938962297,variant_win,False,False,,,,,True,True,0.10415129992179573,0.5728914000064833,814.0,7121.0
2PGA,n0050_i03,4,50,medium,0.29393820491288586,0.28195988556582474,0.011978319347061117,variant_win,False,False,,,,,True,True,0.1345051999669522,0.5196834999951534,1046.0,6734.0
2PGA,n0050_i03,5,50,medium,0.3713420594141053,0.3679503480387152,0.0033917113753901273,variant_win,False,False,,,,,True,True,0.3651895000366494,0.7278848999994807,2853.0,9389.0
2PGA,n0050_i04,1,50,low,0.12494354575645887,0.2551657433739881,-0.13022219761752923,ga_win,False,False,,,,,True,True,0.42619819997344166,2.08475080000062,2850.0,22595.0
2PGA,n0050_i04,2,50,low,0.0780970821518096,0.13787016651073677,-0.05977308435892717,ga_win,True,False,4.01213450008072,,25381.0,,True,True,0.22071900009177625,0.7366837000008672,1452.0,7898.0
2PGA,n0050_i04,3,50,low,0.05790354301760798,0.21086141913007286,-0.1529578761124649,ga_win,True,False,1.6841476999688894,,10871.0,,True,True,0.22062729997560382,0.7012747999979183,1451.0,7314.0
2PGA,n0050_i04,4,50,low,0.11158734281019313,0.16477488697183887,-0.05318754416164574,ga_win,False,False,,,,,True,True,0.33514669991564006,2.602497600004426,2215.0,13334.0
2PGA,n0050_i04,5,50,low,0.3000416943214194,0.19926491560823822,0.10077677871318119,variant_win,False,False,,,,,True,True,0.3076375999953598,1.5436401999904774,2074.0,9836.0
2PGA,n0050_i05,1,50,high,0.5308175539954496,0.4091094620233948,0.12170809197205479,variant_win,False,False,,,,,True,True,0.34112969995476305,7.764042700000573,3026.0,60777.0
2PGA,n0050_i05,2,50,high,0.31517943556039324,0.44749705470452644,-0.1323176191441332,ga_win,False,False,,,,,True,True,0.34881510003469884,3.7512724999978673,3078.0,27539.0
2PGA,n0050_i05,3,50,high,0.3878366836786577,0.17171691404102146,0.21611976963763624,variant_win,False,False,,,,,True,True,0.32204130000900477,0.8094729000004008,2871.0,6963.0
2PGA,n0050_i05,4,50,high,0.564754151274664,0.07777808023805342,0.48697607103661056,variant_win,False,True,,136.71921640000073,,1140774.0,True,True,0.6263702999567613,0.8698366999888094,5545.0,7365.0
2PGA,n0050_i05,5,50,high,0.19505369345786516,0.49655351808467896,-0.3014998246268138,ga_win,False,False,,,,,True,True,0.4081342000281438,4.533862600001157,3632.0,33574.0
2PGA,n0050_i06,1,50,low,0.2837036208042052,0.3754342853737723,-0.09173066456956713,ga_win,False,False,,,,,True,True,0.9414553000824526,1.485874200006947,6607.0,9907.0
2PGA,n0050_i06,2,50,low,0.166542881603076,0.4414003483792687,-0.2748574667761927,ga_win,False,False,,,,,True,True,0.4014916999731213,1.6448304999939865,2911.0,18529.0
2PGA,n0050_i06,3,50,low,0.47344350076295055,0.36825453760083937,0.10518896316211118,variant_win,False,False,,,,,True,True,0.6811067999806255,1.406230200009304,4791.0,16553.0
2PGA,n0050_i06,4,50,low,0.28545456452326673,0.41107181937623294,-0.1256172548529662,ga_win,False,False,,,,,True,True,1.1464720000512898,1.9661201999988407,8091.0,22483.0
2PGA,n0050_i06,5,50,low,0.19999035452057312,0.21335003067440006,-0.013359676153826938,ga_win,False,False,,,,,True,True,0.15749499993398786,1.908290199993644,1111.0,21373.0
2PGA,n0100_i01,1,100,medium,0.2069433968677152,0.33738887298249787,-0.13044547611478266,ga_win,False,False,,,,,True,True,0.3987718999851495,0.6018063000083202,1613.0,3965.0
2PGA,n0100_i01,2,100,medium,0.4135225806329366,0.13124231893323524,0.2822802616997014,variant_win,False,False,,,,,True,True,0.32190039998386055,0.5855306000012206,1283.0,3842.0
2PGA,n0100_i01,3,100,medium,0.28926889402650885,0.17956782709906619,0.10970106692744266,variant_win,False,False,,,,,True,True,0.33224459993653,0.6907995999936247,1315.0,4542.0
2PGA,n0100_i01,4,100,medium,0.10818584425912736,0.15935950222924572,-0.05117365797011836,ga_win,False,False,,,,,True,True,0.33114420005586,0.6410737999976845,1311.0,4253.0
2PGA,n0100_i01,5,100,medium,0.1616606479373105,0.128476895951439,0.03318375198587151,variant_win,False,False,,,,,True,True,0.3442957999650389,1.5445908999972744,1379.0,10108.0
2PGA,n0100_i02,1,100,high,0.1679874481268887,0.4327859461120355,-0.2647984979851468,ga_win,False,False,,,,,True,True,0.5605668999487534,3.8593458000104874,2891.0,33132.0
2PGA,n0100_i02,2,100,high,0.0,0.4789844381820189,-0.4789844381820189,ga_win,True,False,36.75662890006788,,168973.0,,True,True,1.2821291000582278,4.521728100007749,6674.0,37614.0
2PGA,n0100_i02,3,100,high,0.1351847182685418,0.2986251183693645,-0.1634404001008227,ga_win,False,False,,,,,True,True,1.9850032000103965,3.7985871999990195,10377.0,31182.0
2PGA,n0100_i02,4,100,high,0.2710730063160553,0.3387973487789925,-0.06772434246293718,ga_win,False,False,,,,,True,True,1.6588297999696806,2.2336508000007598,8647.0,18727.0
2PGA,n0100_i02,5,100,high,0.1591247353388252,0.26221109441118273,-0.10308635907235753,ga_win,False,False,,,,,True,True,1.6621538000181317,2.5437636999995448,8597.0,21347.0
2PGA,n0100_i03,1,100,high,0.3918280772722979,0.1757704615108397,0.2160576157614582,variant_win,False,False,,,,,True,True,1.6929415999911726,1.4235919000057038,6809.0,9395.0
2PGA,n0100_i03,2,100,high,0.23561088924262835,0.3484828873342704,-0.11287199809164206,ga_win,False,False,,,,,True,True,1.4277735999785364,1.9453711999958614,5757.0,12640.0
2PGA,n0100_i03,3,100,high,0.5342019394261085,0.21128465232047422,0.3229172871056343,variant_win,False,False,,,,,True,True,1.321073399973102,1.9456249000068055,5428.0,12794.0
2PGA,n0100_i03,4,100,high,0.33822762527565775,0.3143864595279287,0.023841165747729043,variant_win,False,False,,,,,True,True,0.8771649999544024,1.476723800005857,3451.0,9960.0
2PGA,n0100_i03,5,100,high,0.18559729303272768,0.2828613834290448,-0.09726409039631714,ga_win,False,False,,,,,True,True,1.1266089000273496,1.4802665000024717,4623.0,9773.0
2PGA,n0100_i04,1,100,low,0.07117287652667027,0.1730691724221633,-0.10189629589549302,ga_win,True,False,35.037072099978104,,98355.0,,True,True,0.0018368000164628029,0.0011481000110507011,1.0,1.0
2PGA,n0100_i04,2,100,low,0.030342482714210996,0.13773321123852628,-0.10739072852431528,ga_win,True,False,7.434952899930067,,40506.0,,True,True,0.0010984999826177955,0.0011580000136746094,1.0,1.0
2PGA,n0100_i04,3,100,low,0.10656829813295489,0.199057928016493,-0.09248962988353811,ga_win,False,False,,,,,True,True,0.0018328999867662787,0.0018827000021701679,1.0,1.0
2PGA,n0100_i04,4,100,low,0.11004616950528699,0.12422936279660328,-0.014183193291316287,ga_win,False,False,,,,,True,True,0.0018315999768674374,0.0011598999990383163,1.0,1.0
2PGA,n0100_i04,5,100,low,0.06240921361888527,0.17215135403200388,-0.10974214041311861,ga_win,True,False,82.7038073000731,,253513.0,,True,True,0.002053300035186112,0.0011186999909114093,1.0,1.0
2PGA,n0100_i05,1,100,medium,0.047525975659311465,0.25822447180421054,-0.21069849614489908,ga_win,True,False,38.51554259995464,,137626.0,,True,True,0.40833979996386915,1.116292099992279,1624.0,7499.0
2PGA,n0100_i05,2,100,medium,0.15946157935363586,0.19429684169429037,-0.03483526234065451,ga_win,False,False,,,,,True,True,0.47062069992534816,0.4974376000027405,1921.0,3366.0
2PGA,n0100_i05,3,100,medium,0.08451472165260195,0.1970212556578012,-0.11250653400519926,ga_win,True,False,43.5375729999505,,277679.0,,True,True,0.27437959995586425,0.723633499990683,1871.0,4526.0
2PGA,n0100_i05,4,100,medium,0.16087290441636068,0.09196019703168704,0.06891270738467364,variant_win,False,True,,132.38522670000384,,858675.0,True,True,0.612517699948512,0.6545217000093544,2399.0,4366.0
2PGA,n0100_i05,5,100,medium,0.10204337029641163,0.26731062071437955,-0.16526725041796791,ga_win,False,False,,,,,True,True,0.3506184999132529,0.9009804999950575,1424.0,6171.0
2PGA,n0100_i06,1,100,low,0.15747402907343142,0.1564486594297494,0.0010253696436820225,variant_win,False,False,,,,,True,True,0.5182201999705285,0.14715059999434743,1720.0,784.0
2PGA,n0100_i06,2,100,low,0.11493595122407894,0.10511404403094876,0.009821907193130183,variant_win,False,False,,,,,True,True,0.16354119998868555,0.622900500005926,916.0,3253.0
2PGA,n0100_i06,3,100,low,0.049879908591916704,0.34006082589483044,-0.29018091730291373,ga_win,True,False,44.62846330006141,,131790.0,,True,True,0.4775496000656858,1.2041563999955542,1569.0,6637.0
2PGA,n0100_i06,4,100,low,0.1141977960076365,0.18232927148484254,-0.06813147547720604,ga_win,False,False,,,,,True,True,0.3745312000392005,0.6820139000046765,1239.0,3740.0
2PGA,n0100_i06,5,100,low,0.17322616728311774,0.1296304827434498,0.043595684539667945,variant_win,False,False,,,,,True,True,0.1808892999542877,0.2781272999854991,1013.0,1523.0
2PGA,n0200_i01,1,200,medium,0.11694904026489537,0.24882423662714054,-0.13187519636224515,ga_win,False,False,,,,,True,True,0.003728399984538555,0.002384799998253584,1.0,1.0
2PGA,n0200_i01,2,200,medium,0.13067222666466435,0.2324084090320863,-0.10173618236742193,ga_win,False,False,,,,,True,True,0.003612400032579899,0.002202600007876754,1.0,1.0
2PGA,n0200_i01,3,200,medium,0.08565122753018799,0.2355136371839347,-0.1498624096537467,ga_win,True,False,112.47840809996706,,212138.0,,True,True,0.003945400007069111,0.002129500004230067,1.0,1.0
2PGA,n0200_i01,4,200,medium,0.1572934761217873,0.2266638986348427,-0.06937042251305542,ga_win,False,False,,,,,True,True,0.0035914999898523092,0.002213200001278892,1.0,1.0
2PGA,n0200_i01,5,200,medium,0.13188996637873293,0.17762989308616672,-0.04573992670743379,ga_win,False,False,,,,,True,True,0.003641999908722937,0.002247999989776872,1.0,1.0
2PGA,n0200_i02,1,200,high,0.20457815484338443,0.44507327804673835,-0.24049512320335392,ga_win,False,False,,,,,True,True,1.1353976000100374,3.0379319000057876,2682.0,12224.0
2PGA,n0200_i02,2,200,high,0.1718070735107027,0.27740862386635134,-0.10560155035564864,ga_win,False,False,,,,,True,True,1.9957848999183625,4.781386700007715,4654.0,19210.0
2PGA,n0200_i02,3,200,high,0.40256233859994134,0.2400659753521793,0.16249636324776204,variant_win,False,False,,,,,True,True,2.195116800023243,3.336104600006365,5164.0,13439.0
2PGA,n0200_i02,4,200,high,0.2529932384174655,0.2571356868840789,-0.00414244846661338,ga_win,False,False,,,,,True,True,1.805577400024049,5.492841800005408,4308.0,22021.0
2PGA,n0200_i02,5,200,high,0.19103677265538388,0.3506745548791809,-0.15963778222379704,ga_win,False,False,,,,,True,True,1.0569962000008672,5.96144749999803,4118.0,24102.0
2PGA,n0200_i03,1,200,low,0.1028812746685959,0.23555300938277754,-0.13267173471418164,ga_win,False,False,,,,,True,True,0.0036712000146508217,0.0025102000072365627,1.0,1.0
2PGA,n0200_i03,2,200,low,0.06749846451597043,0.10810824862892178,-0.04060978411295135,ga_win,True,False,109.36385500000324,,169795.0,,True,True,0.00377059995662421,0.0021932000090600923,1.0,1.0
2PGA,n0200_i03,3,200,low,0.09839460264837983,0.10989626988640025,-0.011501667238020416,ga_win,True,False,145.01327919994947,,221056.0,,True,True,0.0038563000271096826,0.0022096000029705465,1.0,1.0
2PGA,n0200_i03,4,200,low,0.13693817798706767,0.1373761405590479,-0.00043796257198022714,ga_win,False,False,,,,,True,True,0.004135799943469465,0.0025381000014021993,1.0,1.0
2PGA,n0200_i03,5,200,low,0.20210376217657422,0.10112959438113027,0.10097416779544395,variant_win,False,False,,,,,True,True,0.0037516000447794795,0.002253100014058873,1.0,1.0
2PGA,n0200_i04,1,200,low,0.27025094077512457,0.25151646379567705,0.018734476979447523,variant_win,False,False,,,,,True,True,0.0038302000612020493,0.0022396999993361533,1.0,1.0
2PGA,n0200_i04,2,200,low,0.2857452605445924,0.14603045282836502,0.1397148077162274,variant_win,False,False,,,,,True,True,0.004404000006616116,0.002239599998574704,1.0,1.0
2PGA,n0200_i04,3,200,low,0.3265655311226439,0.17104034637696006,0.15552518474568386,variant_win,False,False,,,,,True,True,0.004293399979360402,0.00222609999764245,1.0,1.0
2PGA,n0200_i04,4,200,low,0.19246233029903215,0.19364258965475364,-0.0011802593557214969,ga_win,False,False,,,,,True,True,0.00423289998434484,0.002246000003651716,1.0,1.0
2PGA,n0200_i04,5,200,low,0.07403249115258921,0.20608000005592353,-0.13204750890333433,ga_win,True,False,119.98311210004613,,159667.0,,True,True,0.0038955999771133065,0.0022489999973913655,1.0,1.0
2PGA,n0200_i05,1,200,high,0.11054510680689314,0.3319824771015049,-0.22143737029461177,ga_win,False,False,,,,,True,True,1.8284679000498727,3.538594600002398,4139.0,13294.0
2PGA,n0200_i05,2,200,high,0.08466377070061228,0.2923561478577622,-0.20769237715714994,ga_win,True,False,137.85554050002247,,303971.0,,True,True,2.784014999982901,2.613481899999897,2921.0,9837.0
2PGA,n0200_i05,3,200,high,0.3403123736797796,0.32851387512876457,0.011798498551015058,variant_win,False,False,,,,,True,True,5.949922199943103,4.089898999998695,4718.0,15413.0
2PGA,n0200_i05,4,200,high,0.3351711520684158,0.27303433488221723,0.06213681718619857,variant_win,False,False,,,,,True,True,2.3931287999730557,2.6666837000084342,5568.0,10246.0
2PGA,n0200_i05,5,200,high,0.10275863659108533,0.2935727050840073,-0.19081406849292196,ga_win,False,False,,,,,True,True,1.989258800051175,2.704954499989981,4565.0,10103.0
2PGA,n0200_i06,1,200,medium,0.3239184868025936,0.30387289695976005,0.020045589842833555,variant_win,False,False,,,,,True,True,1.2560762000503018,4.833330100009334,2819.0,18244.0
2PGA,n0200_i06,2,200,medium,0.22352789965519967,0.33441702399893236,-0.11088912434373269,ga_win,False,False,,,,,True,True,1.9733397999079898,2.7652327999967383,4384.0,10340.0
2PGA,n0200_i06,3,200,medium,0.1414983978384449,0.19700766529792088,-0.055509267459475986,ga_win,False,False,,,,,True,True,1.2217161000007764,4.2890571000025375,2663.0,15815.0
2PGA,n0200_i06,4,200,medium,0.2996909381635626,0.27250245884647833,0.02718847931708429,variant_win,False,False,,,,,True,True,1.8343682000413537,4.395788599998923,4112.0,16261.0
2PGA,n0200_i06,5,200,medium,0.2874839929367944,0.24665258716547067,0.040831405771323714,variant_win,False,False,,,,,True,True,1.5547209000214934,3.553492599996389,3524.0,13236.0
2PGA,n0500_i01,1,500,low,0.15792049049012383,0.22805457177823218,-0.07013408128810836,ga_win,False,False,,,,,True,True,0.006118000019341707,0.00605090000317432,1.0,1.0
2PGA,n0500_i01,2,500,low,0.16842658550284464,0.26164482300952324,-0.0932182375066786,ga_win,False,False,,,,,True,True,0.005738500040024519,0.006080699997255579,1.0,1.0
2PGA,n0500_i01,3,500,low,0.1426153408722582,0.24540021114828092,-0.10278487027602273,ga_win,False,False,,,,,True,True,0.005950899911113083,0.006103599997004494,1.0,1.0
2PGA,n0500_i01,4,500,low,0.24973365569034786,0.23107215330348804,0.01866150238685982,variant_win,False,False,,,,,True,True,0.005783700034953654,0.006025099995895289,1.0,1.0
2PGA,n0500_i01,5,500,low,0.15963382448190266,0.24114194411269127,-0.0815081196307886,ga_win,False,False,,,,,True,True,0.00583320006262511,0.006204600009368733,1.0,1.0
2PGA,n0500_i02,1,500,medium,0.184226984870765,0.3726013729278088,-0.18837438805704382,ga_win,False,False,,,,,True,True,0.005695999949239194,0.01025929999013897,1.0,1.0
2PGA,n0500_i02,2,500,medium,0.1964702407587296,0.4431518808285308,-0.2466816400698012,ga_win,False,False,,,,,True,True,0.005680500064045191,0.01083340001059696,1.0,1.0
2PGA,n0500_i02,3,500,medium,0.2706478545998185,0.4084468103840365,-0.13779895578421802,ga_win,False,False,,,,,True,True,0.005766300018876791,0.01077570000779815,1.0,1.0
2PGA,n0500_i02,4,500,medium,0.1838530867387607,0.34064410519550886,-0.15679101845674817,ga_win,False,False,,,,,True,True,0.005651899962686002,0.009620600001653656,1.0,1.0
2PGA,n0500_i02,5,500,medium,0.20075435427383653,0.44090043347354396,-0.24014607919970743,ga_win,False,False,,,,,True,True,0.0056885998928919435,0.010123500003828667,1.0,1.0
2PGA,n0500_i03,1,500,high,0.4417017422550169,0.865525332460088,-0.4238235902050711,ga_win,False,False,,,,,True,True,14.768813599948771,92.98500380000041,23310.0,90456.0
2PGA,n0500_i03,2,500,high,0.4028054136210623,0.8416648162318374,-0.4388594026107751,ga_win,False,False,,,,,True,True,12.91004550002981,75.68172399999457,20522.0,72728.0
2PGA,n0500_i03,3,500,high,0.36738294734202315,0.8790768061801246,-0.5116938588381015,ga_win,False,False,,,,,True,True,17.855232600006275,95.35575789998984,28820.0,90532.0
2PGA,n0500_i03,4,500,high,0.37535041659224133,0.8914702360362001,-0.5161198194439588,ga_win,False,False,,,,,True,True,12.560549000045285,92.35217739999644,20381.0,90798.0
2PGA,n0500_i03,5,500,high,0.4014651579185992,0.8645471605553753,-0.46308200263677607,ga_win,False,False,,,,,True,True,15.981619499973021,100.44044379999104,25375.0,99175.0
2PGA,n0500_i04,1,500,medium,0.08816911789327603,0.26013354167369346,-0.17196442378041743,ga_win,True,False,141.3504541000584,,183522.0,,True,True,0.005731099983677268,0.009778100007679313,1.0,1.0
2PGA,n0500_i04,2,500,medium,0.13968574203391868,0.3030246829374036,-0.1633389409034849,ga_win,False,False,,,,,True,True,0.005870399996638298,0.009603800004697405,1.0,1.0
2PGA,n0500_i04,3,500,medium,0.15514159512430095,0.2735831031578413,-0.11844150803354034,ga_win,False,False,,,,,True,True,0.005692399921827018,0.010286999997333623,1.0,1.0
2PGA,n0500_i04,4,500,medium,0.15172832210159426,0.23496630135971214,-0.08323797925811788,ga_win,False,False,,,,,True,True,0.005785299930721521,0.0096956999914255,1.0,1.0
2PGA,n0500_i04,5,500,medium,0.173052091320243,0.23785689318076148,-0.06480480186051849,ga_win,False,False,,,,,True,True,0.005661400035023689,0.006106200002250262,1.0,1.0
2PGA,n0500_i05,1,500,low,0.12175902420260075,0.2786850222311317,-0.1569259980285309,ga_win,False,False,,,,,True,True,0.005688200006261468,0.009931499997037463,1.0,1.0
2PGA,n0500_i05,2,500,low,0.1541556062475575,0.2696667264582255,-0.11551112021066798,ga_win,False,False,,,,,True,True,0.00562109996099025,0.009936700007528998,1.0,1.0
2PGA,n0500_i05,3,500,low,0.11849598466170463,0.31043267976341415,-0.19193669510170952,ga_win,False,False,,,,,True,True,0.0057978000259026885,0.00999710000178311,1.0,1.0
2PGA,n0500_i05,4,500,low,0.17541706567393195,0.25675263093729916,-0.08133556526336722,ga_win,False,False,,,,,True,True,0.005716900108382106,0.009700700000394136,1.0,1.0
2PGA,n0500_i05,5,500,low,0.1585594242826284,0.2731740769662584,-0.11461465268363,ga_win,False,False,,,,,True,True,0.005647500045597553,0.0121285000059288,1.0,1.0
2PGA,n0500_i06,1,500,high,0.22985973560685646,0.39461063511898076,-0.1647508995121243,ga_win,False,False,,,,,True,True,0.005595700000412762,0.010167300002649426,1.0,1.0
2PGA,n0500_i06,2,500,high,0.1664298001748636,0.4396024369457601,-0.27317263677089654,ga_win,False,False,,,,,True,True,0.0056010999251157045,0.009671299994806759,1.0,1.0
2PGA,n0500_i06,3,500,high,0.21835817888449569,0.4253359093545016,-0.20697773047000592,ga_win,False,False,,,,,True,True,0.0055868999334052205,0.009847799999988638,1.0,1.0
2PGA,n0500_i06,4,500,high,0.20420365674673896,0.41461458002312374,-0.21041092327638478,ga_win,False,False,,,,,True,True,0.00563439994584769,0.009841999999480322,1.0,1.0
2PGA,n0500_i06,5,500,high,0.19393239569795842,0.3654956559505768,-0.1715632602526184,ga_win,False,False,,,,,True,True,0.005820499965921044,0.009859600002528168,1.0,1.0
BRKGA-R-LS,n0020_i01,1,20,medium,0.7450974196442167,0.09298694423163034,0.6521104754125864,variant_win,False,True,,59.10693080001511,,1764890.0,True,True,0.10609809996094555,0.9428165000281297,2808.0,30315.0
BRKGA-R-LS,n0020_i01,2,20,medium,1.2571536909664822,0.0708601909599329,1.1862935000065493,variant_win,False,True,,47.358971200010274,,1345583.0,False,True,,0.17038129997672513,,4835.0
BRKGA-R-LS,n0020_i01,3,20,medium,1.218770346338317,0.027075796401782776,1.1916945499365343,variant_win,False,True,,46.12013960001059,,1391236.0,False,True,,0.09301419998519123,,3344.0
BRKGA-R-LS,n0020_i01,4,20,medium,0.260893741836982,0.2512682535719114,0.009625488265070592,variant_win,False,False,,,,,True,True,0.04899849998764694,5.758125599997584,917.0,30372.0
BRKGA-R-LS,n0020_i01,5,20,medium,1.2513868554735708,0.2512682535719114,1.0001186019016592,variant_win,False,False,,,,,False,True,,0.42314149998128414,,8398.0
BRKGA-R-LS,n0020_i02,1,20,low,0.0,0.0,0.0,tie,True,True,0.0003955999854952097,0.00018860003910958767,1.0,1.0,True,True,0.0003955999854952097,0.00018860003910958767,1.0,1.0
BRKGA-R-LS,n0020_i02,2,20,low,0.0,0.0,0.0,tie,True,True,0.0004059000057168305,0.0001894999877549708,1.0,1.0,True,True,0.0004059000057168305,0.0001894999877549708,1.0,1.0
BRKGA-R-LS,n0020_i02,3,20,low,0.0,0.0,0.0,tie,True,True,0.00040989997796714306,0.00025749998167157173,1.0,1.0,True,True,0.00040989997796714306,0.00025749998167157173,1.0,1.0
BRKGA-R-LS,n0020_i02,4,20,low,0.0,0.0,0.0,tie,True,True,0.00040259998058900237,0.00019219995010644197,1.0,1.0,True,True,0.00040259998058900237,0.00019219995010644197,1.0,1.0
BRKGA-R-LS,n0020_i02,5,20,low,0.0,0.0,0.0,tie,True,True,0.00040259992238134146,0.00018880004063248634,1.0,1.0,True,True,0.00040259992238134146,0.00018880004063248634,1.0,1.0
BRKGA-R-LS,n0020_i03,1,20,high,0.4040594951425392,0.05925689553161294,0.34480259961092624,variant_win,False,True,,18.362944299937226,,298888.0,True,True,0.10911130008753389,0.14192369999364018,2231.0,3005.0
BRKGA-R-LS,n0020_i03,2,20,high,2.494897733511993,0.037436020507836364,2.4574617130041565,variant_win,False,True,,23.471713999984786,,402297.0,False,True,,0.14902309991884977,,3298.0
BRKGA-R-LS,n0020_i03,3,20,high,0.390029173488333,0.15427800545887335,0.23575116802945964,variant_win,False,False,,,,,True,True,4.486870200023986,0.10828729998320341,91796.0,2433.0
BRKGA-R-LS,n0020_i03,4,20,high,0.47028806255568184,0.1267113727392742,0.34357668981640765,variant_win,False,False,,,,,True,True,0.19088420004118234,0.9866857000160962,3719.0,19824.0
BRKGA-R-LS,n0020_i03,5,20,high,0.30575500634910335,0.037436020507836364,0.268318985841267,variant_win,False,True,,25.075412700069137,,414314.0,True,True,0.11915250006131828,5.9911065000342205,2310.0,43947.0
BRKGA-R-LS,n0020_i04,1,20,high,0.19838416885325133,0.10882367206889886,0.08956049678435248,variant_win,False,False,,,,,True,True,0.026471500052139163,0.13304490002337843,567.0,3045.0
BRKGA-R-LS,n0020_i04,2,20,high,0.24667685230218017,0.19693188398273972,0.04974496831944045,variant_win,False,False,,,,,True,True,0.060288900043815374,0.06685449997894466,1322.0,1564.0
BRKGA-R-LS,n0020_i04,3,20,high,0.36612349415261763,0.10882367206889886,0.25729982208371877,variant_win,False,False,,,,,True,True,0.06749209994450212,0.08667170000262558,1408.0,1979.0
BRKGA-R-LS,n0020_i04,4,20,high,0.3931347914404509,0.10466180513829516,0.28847298630215573,variant_win,False,False,,,,,True,True,0.04920130001846701,0.06432829995173961,1089.0,1508.0
BRKGA-R-LS,n0020_i04,5,20,high,0.4212719973065645,0.10882367206889886,0.31244832523766564,variant_win,False,False,,,,,True,True,0.04354879993479699,0.28587540006265044,911.0,6533.0
BRKGA-R-LS,n0020_i05,1,20,medium,0.32421284496772396,0.32563437624834507,-0.0014215312806211133,ga_win,False,False,,,,,True,True,0.14170589996501803,0.14083530008792877,2726.0,2935.0
BRKGA-R-LS,n0020_i05,2,20,medium,0.6937645976531449,0.086180485390204,0.607584112262941,variant_win,False,True,,133.46708790003322,,2458578.0,True,True,0.07341810001526028,0.15408130001742393,1414.0,3149.0
BRKGA-R-LS,n0020_i05,3,20,medium,0.22925415913472427,0.0,0.22925415913472427,variant_win,False,True,,10.66678420000244,,130357.0,True,True,0.328131299931556,0.5664618998998776,6184.0,11324.0
BRKGA-R-LS,n0020_i05,4,20,medium,0.5749229593489509,0.08427819072908573,0.49064476861986517,variant_win,False,True,,36.97412099991925,,613171.0,True,True,0.47782050003297627,0.09266399999614805,8713.0,1904.0
BRKGA-R-LS,n0020_i05,5,20,medium,0.5749229593489509,0.0,0.5749229593489509,variant_win,False,True,,42.46885810000822,,737782.0,True,True,0.32186220004223287,0.1837028000736609,6168.0,3830.0
BRKGA-R-LS,n0020_i06,1,20,low,0.28235165841074333,0.16221177373507403,0.1201398846756693,variant_win,False,False,,,,,True,True,0.0620718999998644,0.1707019000314176,1180.0,3463.0
BRKGA-R-LS,n0020_i06,2,20,low,0.28879805388257646,0.1714421698659046,0.11735588401667185,variant_win,False,False,,,,,True,True,0.10104989993851632,0.1649386000353843,1896.0,3354.0
BRKGA-R-LS,n0020_i06,3,20,low,0.192028355977948,0.16221177373507403,0.02981658224287398,variant_win,False,False,,,,,True,True,0.12582949991337955,0.4817555999616161,2139.0,9494.0
BRKGA-R-LS,n0020_i06,4,20,low,0.4720183375966871,0.18568725866402797,0.28633107893265913,variant_win,False,False,,,,,True,True,0.14296279998961836,0.21164800005499274,2683.0,4310.0
BRKGA-R-LS,n0020_i06,5,20,low,0.3162671024769797,0.23562054643965638,0.08064655603732332,variant_win,False,False,,,,,True,True,0.1954808000009507,0.42189480003435165,3637.0,8341.0
BRKGA-R-LS,n0050_i01,1,50,medium,0.20260875893446456,0.236072666992859,-0.03346390805839444,ga_win,False,False,,,,,True,True,0.1263598999939859,0.8004334999714047,1016.0,6844.0
BRKGA-R-LS,n0050_i01,2,50,medium,0.20620340566041143,0.3587635974951634,-0.15256019183475197,ga_win,False,False,,,,,True,True,0.11522420006804168,0.8283097000094131,919.0,7054.0
BRKGA-R-LS,n0050_i01,3,50,medium,0.23345362644596457,0.24520815162192103,-0.01175452517595646,ga_win,False,False,,,,,True,True,0.21797849994618446,0.9009360000491142,1742.0,7638.0
BRKGA-R-LS,n0050_i01,4,50,medium,0.28304462821622195,0.2433580287717293,0.039686599444492654,variant_win,False,False,,,,,True,True,0.12965309992432594,4.6453837000299245,1045.0,7299.0
BRKGA-R-LS,n0050_i01,5,50,medium,0.16843668363224304,0.3473715535891189,-0.17893486995687588,ga_win,False,False,,,,,True,True,0.1483655000338331,0.8247202999191359,1188.0,7013.0
BRKGA-R-LS,n0050_i02,1,50,high,0.2961456892745159,0.3529628670675097,-0.05681717779299378,ga_win,False,False,,,,,True,True,0.18133539997506887,0.6872558000031859,1641.0,6801.0
BRKGA-R-LS,n0050_i02,2,50,high,0.633361853644888,0.24541319369183248,0.3879486599530555,variant_win,False,False,,,,,True,True,0.3471828999463469,0.6887468999484554,3167.0,6801.0
BRKGA-R-LS,n0050_i02,3,50,high,0.7147765459633807,0.1999355968316539,0.5148409491317267,variant_win,False,False,,,,,True,True,0.13519109995104373,0.6877800000365824,1229.0,6801.0
BRKGA-R-LS,n0050_i02,4,50,high,0.2896019412264886,0.2903551116662064,-0.0007531704397178429,ga_win,False,False,,,,,True,True,0.41379549994599074,0.6809550999896601,3773.0,6801.0
BRKGA-R-LS,n0050_i02,5,50,high,0.35150579323354947,0.4083318528824449,-0.05682605964889542,ga_win,False,False,,,,,True,True,0.39317739999387413,0.6852331000845879,3582.0,6801.0
BRKGA-R-LS,n0050_i03,1,50,medium,0.31743065201748794,0.3975137220148913,-0.08008306999740339,ga_win,False,False,,,,,True,True,0.12766009999904782,0.8745896000182256,1014.0,7238.0
BRKGA-R-LS,n0050_i03,2,50,medium,0.2792181567873436,0.4634927768983647,-0.18427462011102114,ga_win,False,False,,,,,True,True,0.18630159995518625,1.0070854000514373,1454.0,8370.0
BRKGA-R-LS,n0050_i03,3,50,medium,0.2808926049068686,0.45452538773329687,-0.17363278282642824,ga_win,False,False,,,,,True,True,0.10415129992179573,0.8432914998847991,814.0,7007.0
BRKGA-R-LS,n0050_i03,4,50,medium,0.29393820491288586,0.5006110961451756,-0.20667289123228977,ga_win,False,False,,,,,True,True,0.1345051999669522,0.837926400010474,1046.0,6971.0
BRKGA-R-LS,n0050_i03,5,50,medium,0.3713420594141053,0.33554066738818883,0.03580139202591648,variant_win,False,False,,,,,True,True,0.3651895000366494,0.73986720002722,2853.0,6176.0
BRKGA-R-LS,n0050_i04,1,50,low,0.12494354575645887,0.17419438415753094,-0.04925083840107207,ga_win,False,False,,,,,True,True,0.42619819997344166,1.8008192999986932,2850.0,12678.0
BRKGA-R-LS,n0050_i04,2,50,low,0.0780970821518096,0.28382486599885504,-0.20572778384704543,ga_win,True,False,4.01213450008072,,25381.0,,True,True,0.22071900009177625,3.780434799962677,1452.0,25956.0
BRKGA-R-LS,n0050_i04,3,50,low,0.05790354301760798,0.09102840506092462,-0.03312486204331664,ga_win,True,True,1.6841476999688894,65.26708639995195,10871.0,389286.0,True,True,0.22062729997560382,2.832223500008695,1451.0,19751.0
BRKGA-R-LS,n0050_i04,4,50,low,0.11158734281019313,0.12510290297316426,-0.013515560162971132,ga_win,False,False,,,,,True,True,0.33514669991564006,2.2160642000380903,2215.0,15545.0
BRKGA-R-LS,n0050_i04,5,50,low,0.3000416943214194,0.03470948139251368,0.26533221292890574,variant_win,False,True,,19.750358299934305,,105173.0,True,True,0.3076375999953598,2.2270446999464184,2074.0,15879.0
BRKGA-R-LS,n0050_i05,1,50,high,0.5308175539954496,0.24090867885086265,0.28990887514458696,variant_win,False,False,,,,,True,True,0.34112969995476305,1.6015736000845209,3026.0,15321.0
BRKGA-R-LS,n0050_i05,2,50,high,0.31517943556039324,0.5237046833885173,-0.20852524782812404,ga_win,False,False,,,,,True,True,0.34881510003469884,1.5972784000914544,3078.0,15257.0
BRKGA-R-LS,n0050_i05,3,50,high,0.3878366836786577,0.40364635511877356,-0.015809671440115858,ga_win,False,False,,,,,True,True,0.32204130000900477,4.977088400046341,2871.0,16326.0
BRKGA-R-LS,n0050_i05,4,50,high,0.564754151274664,0.45196986608770695,0.11278428518695705,variant_win,False,False,,,,,True,True,0.6263702999567613,5.564546999987215,5545.0,15763.0
BRKGA-R-LS,n0050_i05,5,50,high,0.19505369345786516,0.40803484183654104,-0.21298114837867588,ga_win,False,False,,,,,True,True,0.4081342000281438,1.6062418000074103,3632.0,15329.0
BRKGA-R-LS,n0050_i06,1,50,low,0.2837036208042052,0.17706108298236725,0.10664253782183794,variant_win,False,False,,,,,True,True,0.9414553000824526,1.9163722000084817,6607.0,14714.0
BRKGA-R-LS,n0050_i06,2,50,low,0.166542881603076,0.2893578945294794,-0.1228150129264034,ga_win,False,False,,,,,True,True,0.4014916999731213,1.7287678000284359,2911.0,13295.0
BRKGA-R-LS,n0050_i06,3,50,low,0.47344350076295055,0.22640636563617692,0.24703713512677364,variant_win,False,False,,,,,True,True,0.6811067999806255,1.6200072999345139,4791.0,12560.0
BRKGA-R-LS,n0050_i06,4,50,low,0.28545456452326673,0.15105616465205274,0.134398399871214,variant_win,False,False,,,,,True,True,1.1464720000512898,2.173458300065249,8091.0,16330.0
BRKGA-R-LS,n0050_i06,5,50,low,0.19999035452057312,0.19776627006939324,0.0022240844511798863,variant_win,False,False,,,,,True,True,0.15749499993398786,1.7438614000566304,1111.0,13384.0
BRKGA-R-LS,n0100_i01,1,100,medium,0.2069433968677152,0.23047141786693945,-0.02352802099922424,ga_win,False,False,,,,,True,True,0.3987718999851495,3.643118300009519,1613.0,15728.0
BRKGA-R-LS,n0100_i01,2,100,medium,0.4135225806329366,0.24564321959100285,0.16787936104193377,variant_win,False,False,,,,,True,True,0.32190039998386055,3.7432993999682367,1283.0,15728.0
BRKGA-R-LS,n0100_i01,3,100,medium,0.28926889402650885,0.2853757251347419,0.0038931688917669405,variant_win,False,False,,,,,True,True,0.33224459993653,3.7006706999382004,1315.0,15728.0
BRKGA-R-LS,n0100_i01,4,100,medium,0.10818584425912736,0.30935872401223236,-0.201172879753105,ga_win,False,False,,,,,True,True,0.33114420005586,3.7009542000014335,1311.0,15728.0
BRKGA-R-LS,n0100_i01,5,100,medium,0.1616606479373105,0.4500044168898657,-0.2883437689525552,ga_win,False,False,,,,,True,True,0.3442957999650389,3.693032200098969,1379.0,15728.0
BRKGA-R-LS,n0100_i02,1,100,high,0.1679874481268887,0.4925931009685136,-0.3246056528416249,ga_win,False,False,,,,,True,True,0.5605668999487534,5.747789500048384,2891.0,31527.0
BRKGA-R-LS,n0100_i02,2,100,high,0.0,0.3252577329143976,-0.3252577329143976,ga_win,True,False,36.75662890006788,,168973.0,,True,True,1.2821291000582278,5.276579499943182,6674.0,29076.0
BRKGA-R-LS,n0100_i02,3,100,high,0.1351847182685418,0.47364432369589404,-0.3384596054273522,ga_win,False,False,,,,,True,True,1.9850032000103965,5.969758499995805,10377.0,32647.0
BRKGA-R-LS,n0100_i02,4,100,high,0.2710730063160553,0.49685553582271297,-0.22578252950665767,ga_win,False,False,,,,,True,True,1.6588297999696806,11.377052899915725,8647.0,47032.0
BRKGA-R-LS,n0100_i02,5,100,high,0.1591247353388252,0.466298927682583,-0.3071741923437578,ga_win,False,False,,,,,True,True,1.6621538000181317,5.217780900071375,8597.0,28809.0
BRKGA-R-LS,n0100_i03,1,100,high,0.3918280772722979,0.6361984591328026,-0.2443703818605047,ga_win,False,False,,,,,True,True,1.6929415999911726,13.504429999971762,6809.0,41385.0
BRKGA-R-LS,n0100_i03,2,100,high,0.23561088924262835,0.4231076483381194,-0.18749675909549107,ga_win,False,False,,,,,True,True,1.4277735999785364,9.63492069998756,5757.0,41237.0
BRKGA-R-LS,n0100_i03,3,100,high,0.5342019394261085,0.36100277404953535,0.17319916537657315,variant_win,False,False,,,,,True,True,1.321073399973102,9.709625100018457,5428.0,41767.0
BRKGA-R-LS,n0100_i03,4,100,high,0.33822762527565775,0.4088092139140528,-0.07058158863839503,ga_win,False,False,,,,,True,True,0.8771649999544024,13.829930099891499,3451.0,40886.0
BRKGA-R-LS,n0100_i03,5,100,high,0.18559729303272768,0.40213671915230526,-0.21653942611957758,ga_win,False,False,,,,,True,True,1.1266089000273496,13.82303289999254,4623.0,41372.0
BRKGA-R-LS,n0100_i04,1,100,low,0.07117287652667027,0.1814024530028343,-0.11022957647616403,ga_win,True,False,35.037072099978104,,98355.0,,True,True,0.0018368000164628029,0.0007729000644758344,1.0,1.0
BRKGA-R-LS,n0100_i04,2,100,low,0.030342482714210996,0.26742663950822626,-0.23708415679401526,ga_win,True,False,7.434952899930067,,40506.0,,True,True,0.0010984999826177955,0.00044710002839565277,1.0,1.0
BRKGA-R-LS,n0100_i04,3,100,low,0.10656829813295489,0.17211811327906365,-0.06554981514610876,ga_win,False,False,,,,,True,True,0.0018328999867662787,0.0007687000324949622,1.0,1.0
BRKGA-R-LS,n0100_i04,4,100,low,0.11004616950528699,0.20994796785676567,-0.09990179835147868,ga_win,False,False,,,,,True,True,0.0018315999768674374,0.0007733999518677592,1.0,1.0
BRKGA-R-LS,n0100_i04,5,100,low,0.06240921361888527,0.14925602451833067,-0.0868468108994454,ga_win,True,False,82.7038073000731,,253513.0,,True,True,0.002053300035186112,0.0007645000005140901,1.0,1.0
BRKGA-R-LS,n0100_i05,1,100,medium,0.047525975659311465,0.3404253291440069,-0.2928993534846954,ga_win,True,False,38.51554259995464,,137626.0,,True,True,0.40833979996386915,4.5833101000171155,1624.0,19507.0
BRKGA-R-LS,n0100_i05,2,100,medium,0.15946157935363586,0.30614307664179774,-0.14668149728816188,ga_win,False,False,,,,,True,True,0.47062069992534816,4.61019140004646,1921.0,19507.0
BRKGA-R-LS,n0100_i05,3,100,medium,0.08451472165260195,0.38418200611815095,-0.299667284465549,ga_win,True,False,43.5375729999505,,277679.0,,True,True,0.27437959995586425,4.545440300018527,1871.0,19507.0
BRKGA-R-LS,n0100_i05,4,100,medium,0.16087290441636068,0.3784393982467973,-0.2175664938304366,ga_win,False,False,,,,,True,True,0.612517699948512,4.5157970999134704,2399.0,19507.0
BRKGA-R-LS,n0100_i05,5,100,medium,0.10204337029641163,0.42097391182326316,-0.3189305415268515,ga_win,False,False,,,,,True,True,0.3506184999132529,8.002873199991882,1424.0,19507.0
BRKGA-R-LS,n0100_i06,1,100,low,0.15747402907343142,0.2746672542688419,-0.1171932251954105,ga_win,False,False,,,,,True,True,0.5182201999705285,5.875872500007972,1720.0,35717.0
BRKGA-R-LS,n0100_i06,2,100,low,0.11493595122407894,0.32314726474649225,-0.2082113135224133,ga_win,False,False,,,,,True,True,0.16354119998868555,5.982482700026594,916.0,35717.0
BRKGA-R-LS,n0100_i06,3,100,low,0.049879908591916704,0.2800095732344174,-0.23012966464250068,ga_win,True,False,44.62846330006141,,131790.0,,True,True,0.4775496000656858,13.933949499973096,1569.0,35717.0
BRKGA-R-LS,n0100_i06,4,100,low,0.1141977960076365,0.40338621793666257,-0.28918842192902605,ga_win,False,False,,,,,True,True,0.3745312000392005,10.208707900019363,1239.0,35717.0
BRKGA-R-LS,n0100_i06,5,100,low,0.17322616728311774,0.3412922630011973,-0.16806609571807957,ga_win,False,False,,,,,True,True,0.1808892999542877,11.639641500078142,1013.0,35717.0
BRKGA-R-LS,n0200_i01,1,200,medium,0.11694904026489537,0.30392973904443205,-0.18698069877953666,ga_win,False,False,,,,,True,True,0.003728399984538555,0.0014233000110834837,1.0,1.0
BRKGA-R-LS,n0200_i01,2,200,medium,0.13067222666466435,0.39633008999657704,-0.26565786333191266,ga_win,False,False,,,,,True,True,0.003612400032579899,0.0015498000429943204,1.0,1.0
BRKGA-R-LS,n0200_i01,3,200,medium,0.08565122753018799,0.3540083200169718,-0.2683570924867838,ga_win,True,False,112.47840809996706,,212138.0,,True,True,0.003945400007069111,0.0008114000083878636,1.0,1.0
BRKGA-R-LS,n0200_i01,4,200,medium,0.1572934761217873,0.3740581805124702,-0.2167647043906829,ga_win,False,False,,,,,True,True,0.0035914999898523092,0.0015650000423192978,1.0,1.0
BRKGA-R-LS,n0200_i01,5,200,medium,0.13188996637873293,0.3037806842642238,-0.17189071788549085,ga_win,False,False,,,,,True,True,0.003641999908722937,0.0014532998902723193,1.0,1.0
BRKGA-R-LS,n0200_i02,1,200,high,0.20457815484338443,0.4039460332196809,-0.1993678783762965,ga_win,False,False,,,,,True,True,1.1353976000100374,34.52287349989638,2682.0,75472.0
BRKGA-R-LS,n0200_i02,2,200,high,0.1718070735107027,0.3973371208448253,-0.2255300473341226,ga_win,False,False,,,,,True,True,1.9957848999183625,30.714914099895395,4654.0,75472.0
BRKGA-R-LS,n0200_i02,3,200,high,0.40256233859994134,0.5033018535181149,-0.10073951491817351,ga_win,False,False,,,,,True,True,2.195116800023243,31.202003599959426,5164.0,75472.0
BRKGA-R-LS,n0200_i02,4,200,high,0.2529932384174655,0.4049115591252423,-0.15191832070777678,ga_win,False,False,,,,,True,True,1.805577400024049,34.77453910000622,4308.0,75472.0
BRKGA-R-LS,n0200_i02,5,200,high,0.19103677265538388,0.40785529765483447,-0.2168185249994506,ga_win,False,False,,,,,True,True,1.0569962000008672,34.71916300000157,4118.0,75472.0
BRKGA-R-LS,n0200_i03,1,200,low,0.1028812746685959,0.38081751439125866,-0.2779362397226628,ga_win,False,False,,,,,True,True,0.0036712000146508217,0.0015316000208258629,1.0,1.0
BRKGA-R-LS,n0200_i03,2,200,low,0.06749846451597043,0.3590643805512622,-0.2915659160352918,ga_win,True,False,109.36385500000324,,169795.0,,True,True,0.00377059995662421,0.0020659000147134066,1.0,1.0
BRKGA-R-LS,n0200_i03,3,200,low,0.09839460264837983,0.36114197609040516,-0.2627473734420253,ga_win,True,False,145.01327919994947,,221056.0,,True,True,0.0038563000271096826,0.0015376999508589506,1.0,1.0
BRKGA-R-LS,n0200_i03,4,200,low,0.13693817798706767,0.3561103983662226,-0.21917222037915493,ga_win,False,False,,,,,True,True,0.004135799943469465,0.0016459999606013298,1.0,1.0
BRKGA-R-LS,n0200_i03,5,200,low,0.20210376217657422,0.3537525430609271,-0.1516487808843529,ga_win,False,False,,,,,True,True,0.0037516000447794795,0.0015377999516204,1.0,1.0
BRKGA-R-LS,n0200_i04,1,200,low,0.27025094077512457,0.5489225816422557,-0.27867164086713114,ga_win,False,False,,,,,True,True,0.0038302000612020493,0.0016750999493524432,1.0,1.0
BRKGA-R-LS,n0200_i04,2,200,low,0.2857452605445924,0.5453303936258952,-0.25958513308130277,ga_win,False,False,,,,,True,True,0.004404000006616116,0.0015969000523909926,1.0,1.0
BRKGA-R-LS,n0200_i04,3,200,low,0.3265655311226439,0.5441585774564868,-0.21759304633384285,ga_win,False,False,,,,,True,True,0.004293399979360402,0.0016923999646678567,1.0,1.0
BRKGA-R-LS,n0200_i04,4,200,low,0.19246233029903215,0.5590070476008794,-0.36654471730184723,ga_win,False,False,,,,,True,True,0.00423289998434484,0.001612899941392243,1.0,1.0
BRKGA-R-LS,n0200_i04,5,200,low,0.07403249115258921,0.5814004890001748,-0.5073679978475856,ga_win,True,False,119.98311210004613,,159667.0,,True,True,0.0038955999771133065,0.0015993000706657767,1.0,1.0
BRKGA-R-LS,n0200_i05,1,200,high,0.11054510680689314,0.40982946786881,-0.2992843610619169,ga_win,False,False,,,,,True,True,1.8284679000498727,31.388440700015053,4139.0,65587.0
BRKGA-R-LS,n0200_i05,2,200,high,0.08466377070061228,0.4322268148964911,-0.34756304419587886,ga_win,True,False,137.85554050002247,,303971.0,,True,True,2.784014999982901,31.267548299976625,2921.0,65587.0
BRKGA-R-LS,n0200_i05,3,200,high,0.3403123736797796,0.41799465834036736,-0.07768228466058774,ga_win,False,False,,,,,True,True,5.949922199943103,28.206752100028098,4718.0,65587.0
BRKGA-R-LS,n0200_i05,4,200,high,0.3351711520684158,0.5098333486422073,-0.1746621965737915,ga_win,False,False,,,,,True,True,2.3931287999730557,30.850068099913187,5568.0,65587.0
BRKGA-R-LS,n0200_i05,5,200,high,0.10275863659108533,0.4513439267640232,-0.3485852901729378,ga_win,False,False,,,,,True,True,1.989258800051175,31.57972489995882,4565.0,65587.0
BRKGA-R-LS,n0200_i06,1,200,medium,0.3239184868025936,0.48242648861583687,-0.15850800181324326,ga_win,False,False,,,,,True,True,1.2560762000503018,34.94299599993974,2819.0,73854.0
BRKGA-R-LS,n0200_i06,2,200,medium,0.22352789965519967,0.45258761317880875,-0.22905971352360907,ga_win,False,False,,,,,True,True,1.9733397999079898,35.018609300022945,4384.0,73854.0
BRKGA-R-LS,n0200_i06,3,200,medium,0.1414983978384449,0.5032937390939095,-0.36179534125546464,ga_win,False,False,,,,,True,True,1.2217161000007764,35.262881500064395,2663.0,73854.0
BRKGA-R-LS,n0200_i06,4,200,medium,0.2996909381635626,0.5451388735800882,-0.24544793541652554,ga_win,False,False,,,,,True,True,1.8343682000413537,35.78325890004635,4112.0,73854.0
BRKGA-R-LS,n0200_i06,5,200,medium,0.2874839929367944,0.3420054552549625,-0.054521462318168123,ga_win,False,False,,,,,True,True,1.5547209000214934,21.028486100025475,3524.0,73854.0
BRKGA-R-LS,n0500_i01,1,500,low,0.15792049049012383,0.5031543801960582,-0.3452338897059344,ga_win,False,False,,,,,True,True,0.006118000019341707,0.0023299999302253127,1.0,1.0
BRKGA-R-LS,n0500_i01,2,500,low,0.16842658550284464,0.5029213648113363,-0.3344947793084917,ga_win,False,False,,,,,True,True,0.005738500040024519,0.002217100001871586,1.0,1.0
BRKGA-R-LS,n0500_i01,3,500,low,0.1426153408722582,0.5029213648113363,-0.3603060239390781,ga_win,False,False,,,,,True,True,0.005950899911113083,0.002286700066179037,1.0,1.0
BRKGA-R-LS,n0500_i01,4,500,low,0.24973365569034786,0.5027943872821045,-0.25306073159175657,ga_win,False,False,,,,,True,True,0.005783700034953654,0.002152700093574822,1.0,1.0
BRKGA-R-LS,n0500_i01,5,500,low,0.15963382448190266,0.5027943872821045,-0.3431605628002018,ga_win,False,False,,,,,True,True,0.00583320006262511,0.002223700052127242,1.0,1.0
BRKGA-R-LS,n0500_i02,1,500,medium,0.184226984870765,0.7829286709151869,-0.5987016860444219,ga_win,False,False,,,,,True,True,0.005695999949239194,0.00199559994507581,1.0,1.0
BRKGA-R-LS,n0500_i02,2,500,medium,0.1964702407587296,0.782361867054014,-0.5858916262952845,ga_win,False,False,,,,,True,True,0.005680500064045191,0.002039400045759976,1.0,1.0
BRKGA-R-LS,n0500_i02,3,500,medium,0.2706478545998185,0.782361867054014,-0.5117140124541955,ga_win,False,False,,,,,True,True,0.005766300018876791,0.002036200021393597,1.0,1.0
BRKGA-R-LS,n0500_i02,4,500,medium,0.1838530867387607,0.7826485929905735,-0.5987955062518129,ga_win,False,False,,,,,True,True,0.005651899962686002,0.0020046000136062503,1.0,1.0
BRKGA-R-LS,n0500_i02,5,500,medium,0.20075435427383653,0.782361867054014,-0.5816075127801774,ga_win,False,False,,,,,True,True,0.0056885998928919435,0.0019910000264644623,1.0,1.0
BRKGA-R-LS,n0500_i03,1,500,high,0.4417017422550169,1.609775856618465,-1.168074114363448,ga_win,False,False,,,,,True,False,14.768813599948771,,23310.0,
BRKGA-R-LS,n0500_i03,2,500,high,0.4028054136210623,1.609775856618465,-1.2069704429974026,ga_win,False,False,,,,,True,False,12.91004550002981,,20522.0,
BRKGA-R-LS,n0500_i03,3,500,high,0.36738294734202315,1.6096295242450922,-1.242246576903069,ga_win,False,False,,,,,True,False,17.855232600006275,,28820.0,
BRKGA-R-LS,n0500_i03,4,500,high,0.37535041659224133,1.6096295242450922,-1.234279107652851,ga_win,False,False,,,,,True,False,12.560549000045285,,20381.0,
BRKGA-R-LS,n0500_i03,5,500,high,0.4014651579185992,1.6096295242450922,-1.208164366326493,ga_win,False,False,,,,,True,False,15.981619499973021,,25375.0,
BRKGA-R-LS,n0500_i04,1,500,medium,0.08816911789327603,0.5257862186320589,-0.43761710073878285,ga_win,True,False,141.3504541000584,,183522.0,,True,True,0.005731099983677268,0.0021246999967843294,1.0,1.0
BRKGA-R-LS,n0500_i04,2,500,medium,0.13968574203391868,0.5257862186320589,-0.3861004765981402,ga_win,False,False,,,,,True,True,0.005870399996638298,0.0020601999713107944,1.0,1.0
BRKGA-R-LS,n0500_i04,3,500,medium,0.15514159512430095,0.5257862186320589,-0.37064462350775795,ga_win,False,False,,,,,True,True,0.005692399921827018,0.0020401000510901213,1.0,1.0
BRKGA-R-LS,n0500_i04,4,500,medium,0.15172832210159426,0.5257862186320589,-0.3740578965304646,ga_win,False,False,,,,,True,True,0.005785299930721521,0.002092299982905388,1.0,1.0
BRKGA-R-LS,n0500_i04,5,500,medium,0.173052091320243,0.5257862186320589,-0.35273412731181586,ga_win,False,False,,,,,True,True,0.005661400035023689,0.002097100019454956,1.0,1.0
BRKGA-R-LS,n0500_i05,1,500,low,0.12175902420260075,0.48672280439387644,-0.3649637801912757,ga_win,False,False,,,,,True,True,0.005688200006261468,0.002003000001423061,1.0,1.0
BRKGA-R-LS,n0500_i05,2,500,low,0.1541556062475575,0.48672280439387644,-0.33256719814631897,ga_win,False,False,,,,,True,True,0.00562109996099025,0.0020109000615775585,1.0,1.0
BRKGA-R-LS,n0500_i05,3,500,low,0.11849598466170463,0.48683326941928673,-0.3683372847575821,ga_win,False,False,,,,,True,True,0.0057978000259026885,0.0020804000087082386,1.0,1.0
BRKGA-R-LS,n0500_i05,4,500,low,0.17541706567393195,0.48683326941928673,-0.3114162037453548,ga_win,False,False,,,,,True,True,0.005716900108382106,0.002034400007687509,1.0,1.0
BRKGA-R-LS,n0500_i05,5,500,low,0.1585594242826284,0.48683326941928673,-0.32827384513665836,ga_win,False,False,,,,,True,True,0.005647500045597553,0.0020762000931426883,1.0,1.0
BRKGA-R-LS,n0500_i06,1,500,high,0.22985973560685646,0.7715249347567447,-0.5416651991498882,ga_win,False,False,,,,,True,True,0.005595700000412762,0.002051300019957125,1.0,1.0
BRKGA-R-LS,n0500_i06,2,500,high,0.1664298001748636,0.7725364930382137,-0.6061066928633501,ga_win,False,False,,,,,True,True,0.0056010999251157045,0.001994800055399537,1.0,1.0
BRKGA-R-LS,n0500_i06,3,500,high,0.21835817888449569,0.7715249347567447,-0.553166755872249,ga_win,False,False,,,,,True,True,0.0055868999334052205,0.0020927999867126346,1.0,1.0
BRKGA-R-LS,n0500_i06,4,500,high,0.20420365674673896,0.7715249347567447,-0.5673212780100056,ga_win,False,False,,,,,True,True,0.00563439994584769,0.0020007999846711755,1.0,1.0
BRKGA-R-LS,n0500_i06,5,500,high,0.19393239569795842,0.7725364930382137,-0.5786040973402553,ga_win,False,False,,,,,True,True,0.005820499965921044,0.001944800023920834,1.0,1.0
