algorithm,size,power_pressure_class,runs,instances,arpd,median_rpd,q1_rpd,q3_rpd,iqr_rpd,std_rpd,bks_hits,bks_hit_rate_pct,within_0_1pct_runs,within_0_1pct_rate_pct,median_time_to_0_1pct_s_among_successes,not_reached_0_1pct_runs,median_evaluations_to_0_1pct_among_successes,within_1pct_runs,within_1pct_rate_pct,median_time_to_1pct_s_among_successes,not_reached_1pct_runs,median_evaluations_to_1pct_among_successes,median_solution_count,median_solutions_per_second,median_auc_rpd_time
2PGA,20,high,10,2,0.27219260218385116,0.11940138056551333,0.1051526361988628,0.42732333376439613,0.32217069756553335,0.2788566317672469,0,0.0,2,20.0,28.73617619999277,8,987974.0,10,100.0,1.0914889499981655,0,37046.0,5095959.5,33972.64778924235,0.24868927609269526
2PGA,20,low,10,2,0.20981129335361653,0.08376337348923803,0.0,0.3205724873363505,0.3205724873363505,0.29191746030458954,5,50.0,5,50.0,0.0002523000002838671,5,1.0,10,100.0,0.2541607000021031,0,7893.5,4538508.5,30256.374751637424,0.10791742886256415
2PGA,20,medium,10,2,0.5050507691201565,0.5537365531195035,0.23279038611603936,0.7469522223444252,0.5141618362283857,0.3110284693219602,1,10.0,1,10.0,7.442760799996904,9,232176.0,10,100.0,0.5684272499929648,0,17009.5,4528691.0,30190.943556522463,0.5627423328298056
2PGA,50,high,10,2,0.27211324035426854,0.2505565916091479,0.1743736038524636,0.385096177622531,0.21072257377006742,0.14180237350915045,0,0.0,1,10.0,136.71921640000073,9,1140774.0,10,100.0,0.8400664000000688,0,10179.5,1295318.5,8635.400651588017,0.3042950010719103
2PGA,50,low,10,2,0.2777448152999388,0.2342578870241941,0.20216404148869688,0.3736393484305391,0.1714753069418422,0.11050921234244702,0,0.0,0,0.0,,10,,10,100.0,1.594235349992232,0,14943.5,1642636.0,10950.860404297302,0.29572591758633493
2PGA,50,medium,10,2,0.29275174574080026,0.3156323829510823,0.23469568747161096,0.3680758732620225,0.13338018579041155,0.09638259605558937,0,0.0,0,0.0,,10,,10,100.0,0.5147267499924055,0,6618.0,1902254.0,12681.64071118802,0.34432010709996763
2PGA,100,high,10,2,0.3144189789976152,0.3065057889486466,0.26737366666564827,0.34606150269545094,0.07868783602980267,0.0923028089781753,0,0.0,0,0.0,,10,,10,100.0,2.0896378500037827,0,15760.5,1117523.5,7450.116663505498,0.40520040516429534
2PGA,100,low,10,2,0.17198243120896106,0.16430000673087664,0.13165616486721893,0.18001424671917274,0.04835808185195381,0.06587144664868404,0,0.0,0,0.0,,10,,10,100.0,0.0745166499982588,0,392.5,793318.0,5288.773074509101,0.22331309213252817
2PGA,100,medium,10,2,0.1944848804097853,0.18693233439667828,0.13827161475723787,0.2429236677676082,0.10465205301037034,0.07462397632364563,0,0.0,1,10.0,132.38522670000384,9,858675.0,10,100.0,0.6726606500014896,0,4446.0,979086.5,6527.2254967562,0.25676990118464055
2PGA,200,high,10,2,0.30898176590827847,0.2929644264708847,0.27412790712825075,0.3311153266083198,0.05698741948006908,0.05907627636207706,0,0.0,0,0.0,,10,,10,100.0,3.4373496000043815,0,13366.5,569613.5,3797.413017179525,0.45545700965467906
2PGA,200,low,10,2,0.16603731155499568,0.15853539960266255,0.11676623755456217,0.20297064745563106,0.0862044099010689,0.05423401772756343,0,0.0,0,0.0,,10,,10,100.0,0.0022428500014939345,0,1.0,370668.5,2471.1195680133287,0.26260787525484636
2PGA,200,medium,10,2,0.24754927068327331,0.24108311217470269,0.2281000262341536,0.2665829032916439,0.03848287705749032,0.046663003179307536,0,0.0,0,0.0,,10,,10,100.0,1.383808799997496,0,5170.5,516989.0,3446.5827358035326,0.34490664415031025
2PGA,500,high,10,2,0.6381943568856568,0.6406336265887987,0.4172949123559682,0.8652807894839099,0.44798587712794163,0.24379436105113184,0,0.0,0,0.0,,10,,10,100.0,37.84594564999861,0,36364.5,135441.0,902.9374140901496,0.8515839366531806
2PGA,500,low,10,2,0.25960248397085445,0.2591987269734112,0.24220651087158868,0.27229723933925015,0.030090728467661476,0.02493852132297531,0,0.0,0,0.0,,10,,10,100.0,0.007952650004881434,0,1.0,120024.5,800.1566750647958,0.3477475914578416
2PGA,500,medium,10,2,0.3315309125118841,0.3218343940664562,0.26349593204473043,0.39948545101997956,0.13598951897524914,0.08129131793821144,0,0.0,0,0.0,,10,,10,100.0,0.00995080000575399,0,1.0,112417.5,749.4465261559047,0.4276336064523032
ACO,20,high,10,2,1.1023024754142547,0.9861286590561419,0.7008144096886577,1.5004930753198802,0.7996786656312225,0.5247245494935195,0,0.0,0,0.0,,10,,5,50.0,19.611971799999083,5,130021.0,991648.5,6610.953382285374,1.214995840198271
ACO,20,low,10,2,0.2118342637028805,0.1723874563200445,0.0,0.4399783580583281,0.4399783580583281,0.22646224340504043,5,50.0,5,50.0,0.00020369999947433826,5,1.0,10,100.0,0.6668104000000312,0,8244.0,1520802.5,10138.632852465742,0.17942118208436106
ACO,20,medium,10,2,0.7641683778857196,0.7678386126883523,0.6547971037425897,0.9367270176131578,0.2819299138705681,0.22925841176027612,0,0.0,0,0.0,,10,,9,90.0,89.63971610000044,1,570260.0,1440080.0,9600.490287056757,1.0056455171040142
ACO,50,high,10,2,0.9173287274462902,0.9325897357524793,0.8001875459624836,1.0330351668323374,0.23284762086985378,0.12877134022695982,0,0.0,0,0.0,,10,,7,70.0,38.12514220000048,3,72150.0,281526.0,1876.8354406522803,1.0720125046855347
ACO,50,low,10,2,0.8790814296440782,0.8564698113716935,0.8348224293865595,0.9001973647068794,0.0653749353203199,0.07468225777698434,0,0.0,0,0.0,,10,,9,90.0,4.616359300001932,1,12429.0,375877.0,2505.8423828294017,0.926258563161962
ACO,50,medium,10,2,0.7129250645253072,0.7473373877698528,0.6742399277171351,0.7526828618401906,0.07844293412305547,0.07551233193197956,0,0.0,0,0.0,,10,,10,100.0,2.4575254000001223,0,5156.0,271016.5,1806.7708851960474,0.7578856108633729
ACO,100,high,10,2,1.2101293228452445,1.2056910852896308,1.1406086492135687,1.2884405296318833,0.14783188041831452,0.0929044170804644,0,0.0,0,0.0,,10,,0,0.0,,10,,88262.5,588.4144808392604,1.2861571928868272
ACO,100,low,10,2,0.7132046617307861,0.6882374575049035,0.6126825515511664,0.8284006009932158,0.21571804944204942,0.180752594002171,0,0.0,0,0.0,,10,,9,90.0,0.025848900000710273,1,14.0,85275.0,568.498436740003,0.7048396073799482
ACO,100,medium,10,2,0.7890228467040925,0.7967430671677983,0.7569593376214372,0.8279150370922578,0.07095569947082059,0.059344916236351714,0,0.0,0,0.0,,10,,10,100.0,8.157621600001221,0,4844.5,88552.5,590.3471193629682,0.8739100152351102
ACO,200,high,10,2,1.1299966694076962,1.135865663585776,1.1246203714168306,1.1398471703158117,0.015226798898981153,0.03001834519769349,0,0.0,0,0.0,,10,,0,0.0,,10,,48201.5,321.34038885511995,1.2188146848445354
ACO,200,low,10,2,0.7374281476171158,0.727952877836151,0.6997612859507977,0.7585450091241172,0.05878372317331948,0.0444946776274223,0,0.0,0,0.0,,10,,10,100.0,0.007384849999652943,0,2.5,46792.0,311.9429686696218,0.730275980818385
ACO,200,medium,10,2,0.9327939954123876,0.8708389112670829,0.7820289861246184,1.0883937105915251,0.30636472446690677,0.1715259539367015,0,0.0,0,0.0,,10,,6,60.0,0.19512264999866602,4,38.0,36949.5,246.32562891454597,0.9770382281482597
ACO,500,high,10,2,1.3852770632410416,1.3783149291235264,0.9415474299728487,1.8297066197122103,0.8881591897393616,0.46794349489183784,0,0.0,0,0.0,,10,,5,50.0,3.4897497999991174,5,211.0,8347.5,55.64738708165221,1.426481541339626
ACO,500,low,10,2,0.6309517599763402,0.6338304877064423,0.6278585766504441,0.637199971602313,0.00934139495186892,0.010774053494908979,0,0.0,0,0.0,,10,,10,100.0,0.018348299998251605,0,1.0,8316.0,55.4380302518712,0.6381505109239604
ACO,500,medium,10,2,0.8042211112748424,0.7984487506270572,0.6657955837083618,0.9594126537668934,0.29361707005853166,0.16027805683817234,0,0.0,0,0.0,,10,,10,100.0,1.6498155999997834,0,101.5,8335.0,55.56523543065343,0.8065657327924716
BRKGA-R-LS,20,high,10,2,0.10431830200731644,0.10882367206889886,0.0706081229332835,0.12223944757168036,0.051631324638396855,0.050125087681152224,0,0.0,3,30.0,23.471713999984786,7,402297.0,10,100.0,0.1374843000085093,0,3025.0,3045493.0,20302.9319760137,0.15925110383204516
BRKGA-R-LS,20,low,10,2,0.0917173522439737,0.08110588686753702,0.0,0.16913457083319697,0.16913457083319697,0.09882296718718772,5,50.0,5,50.0,0.0001894999877549708,5,1.0,10,100.0,0.08259805000852793,0,1677.5,2647558.0,17650.127393755436,0.09064279603677461
BRKGA-R-LS,20,medium,10,2,0.11895524911048035,0.08522933805964486,0.03802189504132031,0.21169792623684114,0.17367603119552083,0.11534317457883174,2,20.0,7,70.0,46.12013960001059,3,1345583.0,10,100.0,0.17704205002519302,0,4332.5,3166748.0,21111.292965595927,0.22593879767433678
BRKGA-R-LS,50,high,10,2,0.3525263047422049,0.3783046110931416,0.25664867318542595,0.4082576001209689,0.15160892693554295,0.10492370804936468,0,0.0,0,0.0,,10,,10,100.0,1.143012650019955,0,11029.0,1276322.5,8508.752756644235,0.46086774531681574
BRKGA-R-LS,50,low,10,2,0.17505078174524583,0.1756277335699491,0.13159121839288637,0.219246341744481,0.08765512335159462,0.08019563176273047,0,0.0,2,20.0,42.50872234994313,8,247229.5,10,100.0,2.0449152500368655,0,15129.5,949066.0,6327.070339383178,0.26774747730318066
BRKGA-R-LS,50,medium,10,2,0.35824576486507087,0.3530675755421412,0.267791280563488,0.4402724713036955,0.1724811907402075,0.09643279591957296,0,0.0,0,0.0,,10,,10,100.0,0.8406089499476366,0,7033.5,1123898.5,7492.605217169918,0.38251537524640083
BRKGA-R-LS,100,high,10,2,0.4485904435670916,0.4447032880103512,0.40380484284274215,0.4878559066503587,0.08405106380761657,0.08671552006312486,0,0.0,0,0.0,,10,,10,100.0,9.672272900003009,0,41061.5,650316.5,4335.421435923513,0.5843127282215539
BRKGA-R-LS,100,low,10,2,0.2602653771352832,0.2710469468885341,0.18853883171631713,0.3123628418684735,0.12382401015215638,0.08198632209142559,0,0.0,0,0.0,,10,,10,100.0,2.93832294997992,0,17859.0,462677.5,3084.504112915549,0.35027715275343646
BRKGA-R-LS,100,medium,10,2,0.3351017225468798,0.32489202657811966,0.2905675630115059,0.38274635415031255,0.09217879113880667,0.07288982217434731,0,0.0,0,0.0,,10,,10,100.0,4.129548249940854,0,17617.5,566312.0,3775.395361225407,0.39121741281759204
BRKGA-R-LS,200,high,10,2,0.4338580080874597,0.4139120631045887,0.4056474937576403,0.4465646487971402,0.040917155039499886,0.04146574770803696,0,0.0,0,0.0,,10,,10,100.0,31.32799449999584,0,70529.5,344786.0,2298.5663056150524,0.7310329085674296
BRKGA-R-LS,200,low,10,2,0.4589705901785767,0.4624880459238727,0.35958377943604797,0.5480245346381656,0.18844075520211762,0.10280152979067499,0,0.0,0,0.0,,10,,10,100.0,0.0016061000060290098,0,1.0,225672.0,1504.4709678161444,0.6317037454715915
BRKGA-R-LS,200,medium,10,2,0.4057559183558281,0.3851941352545236,0.34500617144546486,0.4749667697565798,0.12996059831111495,0.08538531368034796,0,0.0,0,0.0,,10,,10,100.0,10.515025550033897,0,36927.5,327792.0,2185.2740302939055,0.57679813544981
BRKGA-R-LS,500,high,10,2,1.1908088076318868,1.191083008641653,0.771777824327112,1.6096295242450922,0.8378516999179803,0.4415376554643849,0,0.0,0,0.0,,10,,5,50.0,0.0020007999846711755,5,1.0,251328.0,1675.51282564559,1.3091387203541598
BRKGA-R-LS,500,low,10,2,0.4948531301428553,0.4948138283506956,0.48683326941928673,0.5028896204290283,0.016056351009741565,0.00850091233878812,0,0.0,0,0.0,,10,,10,100.0,0.0021165500511415303,0,1.0,189093.5,1260.6187677473067,0.530773262744678
BRKGA-R-LS,500,medium,10,2,0.6541593958228098,0.6540740428430365,0.5257862186320589,0.782361867054014,0.2565756484219551,0.13531731596355928,0,0.0,0,0.0,,10,,10,100.0,0.0020397500484250486,0,1.0,206416.0,1376.0986083175937,0.695763833182107
GA,20,high,10,2,0.5690620775102715,0.3915819824643919,0.3208471282999819,0.4169688717655582,0.09612174346557628,0.6817069473344416,0,0.0,0,0.0,,10,,9,90.0,0.06749209994450212,1,1408.0,3028841.0,20191.77556514655,0.4079282681763259
GA,20,low,10,2,0.15514635083449346,0.096014177988974,0.0,0.28718645501461815,0.28718645501461815,0.1770511394413682,5,50.0,5,50.0,0.00040259998058900237,5,1.0,10,100.0,0.03124089998891577,0,590.5,2545478.5,16969.558323988433,0.09691001226264934
GA,20,medium,10,2,0.7130379574713064,0.634343778501048,0.3868903735630307,1.1003521146647919,0.7134617411017612,0.4042638875331207,0,0.0,0,0.0,,10,,7,70.0,0.14170589996501803,3,2808.0,2691447.5,17942.665354055294,0.6360798864036281
GA,50,high,10,2,0.42790333413098514,0.3696712384561036,0.30090412584598525,0.5562700019548604,0.2553658761088752,0.17149144169534436,0,0.0,0,0.0,,10,,10,100.0,0.34799899999052286,0,3122.5,1303168.0,8687.715711136552,0.4133923100999673
GA,50,low,10,2,0.20817081302715607,0.18326661806182457,0.11492639354675957,0.28501682859350136,0.1700904350467418,0.12825418260315616,0,0.0,2,20.0,2.8481411000248045,8,18126.0,10,100.0,0.36831919994438067,0,2532.5,960188.5,6401.210867595417,0.25749996149572096
GA,50,medium,10,2,0.26365687809279975,0.28005538084710613,0.21301596085679972,0.2912148107387199,0.07819884988192019,0.06085198847386931,0,0.0,0,0.0,,10,,10,100.0,0.13207914994563907,0,1045.5,1135624.5,7570.769681070384,0.28590553286334675
GA,100,high,10,2,0.24188357322997317,0.21060409113767803,0.16134041353584108,0.32143897053575715,0.16009855699991607,0.15036143269628588,1,10.0,1,10.0,36.75662890006788,9,168973.0,10,100.0,1.3744234999758191,0,6215.5,672694.0,4484.599269274764,0.2833345646513787
GA,100,low,10,2,0.09902528926781898,0.10830723381912094,0.06460012934583152,0.11475141241996833,0.05015128307413681,0.045744248747187605,0,0.0,4,40.0,39.83276770001976,6,115072.5,10,100.0,0.08279725001193583,0,458.5,466873.5,3112.479507170575,0.14825600014998758
GA,100,medium,10,2,0.17339999151019198,0.16016724188499826,0.10357898878709056,0.19562270963511402,0.09204372084802347,0.10841696838757131,0,0.0,2,20.0,41.02655779995257,8,207652.5,10,100.0,0.3474571499391459,0,1518.5,581359.0,3875.7102332778422,0.20533877816265306
GA,200,high,10,2,0.21964286178736642,0.19780746374938415,0.12586059848284553,0.3146266736556782,0.18876607517283267,0.11035136469844184,0,0.0,1,10.0,137.85554050002247,9,303971.0,10,100.0,1.9925218499847688,0,4436.5,340460.5,2269.7300434375557,0.3252737213184611
GA,200,low,10,2,0.175687283589057,0.1647002541430499,0.09951627065343385,0.253214146125487,0.15369787547205313,0.09405282541000877,0,0.0,3,30.0,119.98311210004613,7,169795.0,10,100.0,0.0038759500021114945,0,1.0,217113.0,1447.4129092012745,0.24512622494577807
GA,200,medium,10,2,0.18985756523568634,0.1493959369801161,0.1309766615931815,0.2714949696163957,0.1405183080232142,0.08636942677132942,0,0.0,1,10.0,112.47840809996706,9,212138.0,10,100.0,0.6128307500039227,0,1332.0,304101.0,2027.3226135636846,0.27802338851151726
GA,500,high,10,2,0.3001489444839856,0.2986213414744398,0.20774228728117813,0.39493647258700976,0.18719418530583162,0.10594272987299125,0,0.0,0,0.0,,10,,10,100.0,6.283184750005603,0,10191.0,238919.5,1592.7850707238892,0.47042828999537945
GA,500,low,10,2,0.16067170021059005,0.1582399573863761,0.145500407216083,0.16622839524760916,0.020727988031526146,0.03633819989155155,0,0.0,0,0.0,,10,,10,100.0,0.005761100037489086,0,1.0,181581.0,1210.535373826087,0.24098753661237943
GA,500,medium,10,2,0.1743729389715243,0.17845258902950184,0.15258164035727093,0.19340942678673845,0.04082778642946752,0.04732719786395894,0,0.0,1,10.0,141.3504541000584,9,183522.0,10,100.0,0.005694199935533106,0,1.0,198963.5,1326.4209625907924,0.27803892690571747
HPSO,20,high,10,2,0.3677423509274765,0.16296787746168012,0.10882367206889886,0.3370945923212751,0.22827092025237622,0.5639277988979267,1,10.0,2,20.0,14.655743399925996,8,116352.0,9,90.0,0.08511620003264397,1,968.0,1597417.0,10649.399514669127,0.23396314306893212
HPSO,20,low,10,2,0.11559589017623162,0.02879625246320667,0.0,0.22828705980665223,0.22828705980665223,0.14392718584214734,5,50.0,6,60.0,0.000620749982772395,4,1.0,10,100.0,0.013964549987576902,0,148.0,1496263.0,9975.054851325793,0.12102382808505256
HPSO,20,medium,10,2,0.4647225574541354,0.32421284496772396,0.3082327021162003,0.70044284481573,0.39221014269952975,0.22063926020774408,0,0.0,0,0.0,,10,,10,100.0,0.16053774999454618,0,1939.5,2203109.5,14687.34591676334,0.42093233875441793
HPSO,50,high,10,2,0.4672107528710835,0.467870241981985,0.3496236078795238,0.5684351679563844,0.2188115600768606,0.1664586399771054,0,0.0,0,0.0,,10,,10,100.0,0.23779944994021207,0,1336.5,851289.5,5675.2520477494,0.4750305418066239
HPSO,50,low,10,2,0.36622165739208956,0.25753897184489466,0.1867943037683256,0.45337787564369963,0.26658357187537407,0.26150648419226435,0,0.0,1,10.0,29.01450930000283,9,115007.0,10,100.0,0.24524929997278377,0,1131.0,694785.0,4631.889842605218,0.26101543119110593
HPSO,50,medium,10,2,0.2749428411156072,0.26151794496883546,0.2245228385096949,0.27808841198625234,0.05356557347655744,0.11606542770714247,0,0.0,0,0.0,,10,,10,100.0,0.06713350000791252,0,314.0,774017.0,5160.1010457511475,0.2718907950786654
HPSO,100,high,10,2,0.1877383587910414,0.1529401577915619,0.135829766113755,0.24416979893276358,0.10834003281900859,0.09260423459343894,0,0.0,1,10.0,27.61006850004196,9,88978.0,10,100.0,0.419337350060232,0,1350.5,498500.5,3323.3269876198156,0.16862009621802393
HPSO,100,low,10,2,0.19913931288374448,0.186606415476356,0.13217537102057367,0.22489459007573998,0.09271921905516631,0.11241963336605354,0,0.0,1,10.0,11.46571630006656,9,28909.0,10,100.0,0.04351445002248511,0,153.0,380461.0,2536.3959111020313,0.2037848718687845
HPSO,100,medium,10,2,0.1981093907843266,0.1754012171439258,0.12386862893290276,0.22518494063333944,0.10131631170043667,0.10676127844638927,0,0.0,2,20.0,17.21501939999871,8,55095.0,10,100.0,0.1400848000193946,0,326.0,446364.0,2975.742932978174,0.18823269912176904
HPSO,200,high,10,2,0.10943536984643468,0.11289571472692697,0.062209061682699344,0.17672059812387797,0.11451153644117862,0.07631750009155305,2,20.0,5,50.0,75.86404120002408,5,136295.0,10,100.0,0.48519420000957325,0,872.5,287839.5,1918.9173374169955,0.18345757636670917
HPSO,200,low,10,2,0.09729210896594073,0.10691269174461235,0.01114316790470879,0.1521589302624019,0.14101576235769311,0.08592873013532522,2,20.0,4,40.0,35.31681805005064,6,43408.0,10,100.0,0.005334099929314107,0,1.0,190359.5,1269.048100734409,0.16940604478227497
HPSO,200,medium,10,2,0.04763761172584772,0.04531848697419352,0.01600210685596214,0.06931225830034757,0.05331015144438543,0.041598144848928535,2,20.0,9,90.0,45.64838410005905,1,70583.0,10,100.0,0.2013812000514008,0,316.5,271317.0,1808.7620409232045,0.11356679204588618
HPSO,500,high,10,2,0.06018280913578078,0.07329459713998236,0.03462224191357687,0.08347021571242474,0.04884797379884787,0.04002856713831449,2,20.0,8,80.0,107.51345309999306,2,142794.5,10,100.0,1.343840249988716,0,1944.0,208402.0,1389.3364936585472,0.2212380626184255
HPSO,500,low,10,2,0.043121419643484205,0.04521577075894684,0.015117214551778304,0.055186766726801305,0.040069552175023004,0.03779725994273174,2,20.0,9,90.0,63.99285519996192,1,74375.0,10,100.0,0.0068445499637164176,0,1.0,162857.0,1085.7041337158444,0.12217159574475836
HPSO,500,medium,10,2,0.04229401426791356,0.04613098238766142,0.011649376451653462,0.05186486954404586,0.0402154930923924,0.035345969300914125,2,20.0,9,90.0,66.00872140005231,1,75974.0,10,100.0,0.006710649991873652,0,1.0,177763.0,1185.077595529412,0.12564576295713437
TS,20,high,10,2,0.0,0.0,0.0,0.0,0.0,0.0,10,100.0,10,100.0,15.420662700023968,0,233018.0,10,100.0,0.14415929996175691,0,3108.5,3080211.5,20534.518887720656,0.017367408489034074
TS,20,low,10,2,0.003092765427862738,0.0,0.0,0.0,0.0,0.009780183020671435,9,90.0,10,100.0,0.0859006000100635,0,1657.0,10,100.0,0.02039900003001094,0,404.5,2723611.5,18157.22944077594,0.0012495429489260677
TS,20,medium,10,2,0.0,0.0,0.0,0.0,0.0,0.0,10,100.0,10,100.0,13.583345599996392,0,256389.5,10,100.0,0.06990910004242323,0,1796.0,3254113.5,21693.79832368787,0.0314656484725004
TS,50,high,10,2,0.02379994038662672,0.01288950380989478,0.003951101265761017,0.025592753976017145,0.02164165271025613,0.029421721506579238,2,20.0,10,100.0,23.66687215003185,0,186532.5,10,100.0,0.16170415002852678,0,1516.0,1339123.0,8927.436836314973,0.07344817672183501
TS,50,low,10,2,0.046651238969629326,0.03349334382949983,0.019832444297685905,0.05725754637962587,0.03742510208193997,0.04641902753667754,2,20.0,8,80.0,24.203748399973847,2,136818.5,10,100.0,0.18874524999409914,0,1363.0,975119.0,6500.765614343569,0.08725003425204617
TS,50,medium,10,2,0.04608159072317593,0.03667694410194971,0.008945444927200149,0.08186295097874956,0.07291750605154941,0.04109231088183642,2,20.0,9,90.0,38.50979779998306,1,283997.0,10,100.0,0.053955649957060814,0,453.0,1178641.0,7857.569756998288,0.09049268401619091
TS,100,high,10,2,0.12100063169471538,0.1118547947812514,0.0791641666644349,0.13671495359190172,0.05755078692746682,0.07781204136305542,1,10.0,5,50.0,34.80699379998259,5,147979.0,10,100.0,0.5503438499872573,0,2727.0,694851.5,4632.32660592362,0.14505429659065228
TS,100,low,10,2,0.04306490382159871,0.04067179096290445,0.028585139085555995,0.05985167089246413,0.03126653180690814,0.0328228001808172,2,20.0,9,90.0,10.678083300008439,1,48372.0,10,100.0,0.06084004993317649,0,284.5,478118.5,3187.4459104037965,0.0711536275049813
TS,100,medium,10,2,0.06976037697529705,0.06616377050350764,0.051300475355223724,0.10444981442539031,0.053149339070166585,0.047787570256775,2,20.0,7,70.0,25.721114699961618,3,88651.0,10,100.0,0.11368214996764436,0,492.5,596139.0,3974.248438443243,0.09867322282448063
TS,200,high,10,2,0.1856022568905446,0.1778824369369359,0.12992216540706286,0.24778420237368873,0.11786203696662587,0.08563422179553282,0,0.0,1,10.0,52.00646099995356,9,126311.0,10,100.0,0.8855053499573842,0,2126.0,350907.0,2339.3684588998003,0.22820955481990401
TS,200,low,10,2,0.08038952967114635,0.07652890531861861,0.05363088256250272,0.10094699559724621,0.047316113034743486,0.04556035434167508,0,0.0,7,70.0,55.27423500001896,3,72502.0,10,100.0,0.0007035000016912818,0,1.0,220430.5,1469.5318552279164,0.141088795050282
TS,200,medium,10,2,0.05655160107228292,0.0540802323298394,0.045395632237985914,0.06794065724421228,0.022545025006226363,0.021772251147404238,0,0.0,10,100.0,36.085233049991075,0,73780.5,10,100.0,0.3492665500380099,0,799.0,332995.0,2219.961604206299,0.10773029877951158
TS,500,high,10,2,0.15837561248963988,0.17082777955665993,0.10156951837919824,0.2148593259227255,0.11328980754352726,0.08334542478951758,0,0.0,3,30.0,74.72619089996442,7,108859.0,10,100.0,2.800641399982851,0,5192.5,245919.0,1639.4544829056608,0.29107336547794826
TS,500,low,10,2,0.047501491972056734,0.036596538097937545,0.028877864845544634,0.06536128964907281,0.036483424803528175,0.0317713179464572,0,0.0,9,90.0,65.31681590003427,1,77275.0,10,100.0,0.0008580000139772892,0,1.0,184823.5,1232.1512677178296,0.11981781598602492
TS,500,medium,10,2,0.06497541674043666,0.046914851967109705,0.0356539882819026,0.06657262201544965,0.03091863373354705,0.05272048460965529,0,0.0,8,80.0,68.71706894994713,2,90462.0,10,100.0,0.0007826999644748867,0,1.0,203430.5,1356.1978523671435,0.15375132612325787
